code,config,period,d_qsim_l2_rel,d_qsim_max_abs,d_qsim_max_norm,n_steps
A433301001,GR4J_NSE,cal,4.975024204382618e-15,7.993605777301127e-14,4.067096266247659e-14,3653
A543101001,GR4J_NSE,cal,2.1108688620507083e-15,3.907985046680551e-14,4.282943321689084e-14,3653
A673122001,GR4J_NSE,cal,5.0742540417134706e-15,6.750155989720952e-14,7.834784967322744e-14,3653
A843101001,GR4J_NSE,cal,3.036464429783544e-15,3.108624468950438e-14,3.7068591923377014e-14,3653
A983201001,GR4J_NSE,cal,3.7447449088514e-15,4.263256414560601e-14,4.901654416026992e-14,3653
B134001001,GR4J_NSE,cal,2.9065420830825037e-15,4.085620730620576e-14,4.3753478124673365e-14,3653
B413201001,GR4J_NSE,cal,6.066109720144594e-15,3.952393967665557e-14,4.444051050994246e-14,3653
B422431001,GR4J_NSE,cal,1.5183352061780447e-14,1.5187850976872141e-13,1.2484858187591693e-13,3653
B460101001,GR4J_NSE,cal,4.782045174379206e-15,4.440892098500626e-14,4.127424028307515e-14,3653
B463101001,GR4J_NSE,cal,1.1424367821830894e-14,8.215650382226158e-14,7.427579715238468e-14,3653
B532201001,GR4J_NSE,cal,4.025870136655893e-15,7.460698725481052e-14,4.609093205858126e-14,3653
D020601001,GR4J_NSE,cal,5.979127252730369e-15,7.904787935331115e-14,7.064009032125873e-14,3653
E403571001,GR4J_NSE,cal,1.0698183242036607e-14,1.6076029396572267e-13,1.246137736596236e-13,3653
E540651001,GR4J_NSE,cal,3.3730959349666486e-14,2.2470914018413168e-13,1.7176129696835961e-13,3653
F453000101,GR4J_NSE,cal,1.5293942418887315e-13,2.2315482794965646e-13,5.448623479560255e-13,3653
H232201001,GR4J_NSE,cal,3.6334297377213986e-15,3.907985046680551e-14,5.339503462929462e-14,3653
H248201001,GR4J_NSE,cal,4.4020391657812786e-15,1.7763568394002505e-14,2.347574887797745e-14,3653
H413041010,GR4J_NSE,cal,4.0570150542857316e-14,1.3100631690576847e-13,4.4515020211892935e-13,3653
H438021010,GR4J_NSE,cal,1.1970344399386354e-13,1.8807178037150152e-13,4.881139641683604e-13,3653
H514262001,GR4J_NSE,cal,3.142021998801514e-15,3.552713678800501e-14,3.503939539616792e-14,3653
H602021010,GR4J_NSE,cal,7.627525282799215e-15,6.039613253960852e-14,7.883934551615804e-14,3653
H611061010,GR4J_NSE,cal,3.5165713687297984e-14,1.532107773982716e-13,2.1716349257369104e-13,3653
H622101001,GR4J_NSE,cal,4.0979279416233845e-15,3.197442310920451e-14,3.4104673890395337e-14,3653
H642301001,GR4J_NSE,cal,2.2508363955240447e-14,6.261657858885883e-14,1.5167384367527904e-13,3653
I200101001,GR4J_NSE,cal,5.442534395741464e-15,4.6629367034256575e-14,1.004569470106467e-13,3653
I202101001,GR4J_NSE,cal,1.207402550626503e-14,5.3512749786932545e-14,1.0768493283087961e-13,3653
I346301001,GR4J_NSE,cal,4.901701842089062e-15,6.039613253960852e-14,5.1251932510551524e-14,3653
I403201001,GR4J_NSE,cal,4.9339331639659875e-15,3.9968028886505635e-14,4.73135358417489e-14,3653
I505301001,GR4J_NSE,cal,1.7506703064548584e-15,2.842170943040401e-14,2.0345755493752683e-14,3653
I532151001,GR4J_NSE,cal,4.976423156268612e-15,3.4638958368304884e-14,4.933484398685854e-14,3653
I722202001,GR4J_NSE,cal,2.2991259158973024e-15,5.417888360170764e-14,3.4491251994586485e-14,3653
I903101001,GR4J_NSE,cal,4.179147904160877e-15,3.952393967665557e-14,3.389548441091212e-14,3653
J032301001,GR4J_NSE,cal,5.007030958210625e-15,3.863576125695545e-14,5.0055389057475447e-14,3653
J110301001,GR4J_NSE,cal,5.397609126811306e-15,3.241851231905457e-14,4.136725178110711e-14,3653
J132401001,GR4J_NSE,cal,3.686507900461976e-15,2.930988785010413e-14,3.9138584129442924e-14,3653
J151301001,GR4J_NSE,cal,8.884493811719121e-15,7.149836278586008e-14,6.269327264541733e-14,3653
J172172001,GR4J_NSE,cal,5.924213344805087e-15,5.595524044110789e-14,4.7275862320080024e-14,3653
J181301001,GR4J_NSE,cal,1.0584797400835366e-14,8.43769498715119e-14,1.1274480424705064e-13,3653
J221311001,GR4J_NSE,cal,4.95342853018222e-15,7.904787935331115e-14,4.589713651870902e-14,3653
J223301001,GR4J_NSE,cal,4.766693830713592e-15,5.3290705182007514e-14,3.3037711220419424e-14,3653
J251401001,GR4J_NSE,cal,1.0970867859406402e-14,8.304468224196171e-14,7.341690028155599e-14,3653
J261401002,GR4J_NSE,cal,5.067113802151122e-15,6.394884621840902e-14,4.049295577280755e-14,3653
J320571001,GR4J_NSE,cal,4.971546004546606e-15,9.50350909079134e-14,5.575252440090294e-14,3653
J421191001,GR4J_NSE,cal,3.175883801175588e-15,4.440892098500626e-14,2.353205334427676e-14,3653
J471201002,GR4J_NSE,cal,3.99860898735998e-15,6.394884621840902e-14,3.614689803129036e-14,3653
J570481001,GR4J_NSE,cal,4.718878847755563e-15,6.394884621840902e-14,3.8280109444762424e-14,3653
J813301001,GR4J_NSE,cal,7.391537569507891e-15,8.43769498715119e-14,7.82973388986705e-14,3653
K066331001,GR4J_NSE,cal,3.0507393207966194e-15,7.815970093361102e-14,8.660560413520621e-14,3653
K075321001,GR4J_NSE,cal,5.112699175261013e-15,9.592326932761353e-14,7.809564738931105e-14,3653
K125181001,GR4J_NSE,cal,4.138504716513023e-15,4.618527782440651e-14,6.441347706218073e-14,3653
K152401001,GR4J_NSE,cal,2.848731031758981e-15,7.460698725481052e-14,5.416585468117692e-14,3653
K175311001,GR4J_NSE,cal,2.9335203092324438e-15,3.552713678800501e-14,3.4649742715586536e-14,3653
K222302001,GR4J_NSE,cal,8.746761315766218e-15,1.4210854715202004e-13,1.0888959311584724e-13,3653
K222303001,GR4J_NSE,cal,6.573770561663587e-15,7.105427357601002e-14,6.679611409021357e-14,3653
K225401001,GR4J_NSE,cal,8.895352423977587e-15,6.394884621840902e-14,5.992171906667915e-14,3653
K337301001,GR4J_NSE,cal,3.824497385311618e-15,3.4638958368304884e-14,5.5860404051655746e-14,3653
K633252001,GR4J_NSE,cal,6.159685772044089e-15,5.240252676230739e-14,8.477418210546096e-14,3653
L091402001,GR4J_NSE,cal,3.5524110982445513e-15,5.861977570020827e-14,5.698719293156437e-14,3653
L441171001,GR4J_NSE,cal,5.597017581259192e-15,9.237055564881302e-14,1.1116721679564732e-13,3653
L465301001,GR4J_NSE,cal,3.5643056699490535e-15,4.218847493575595e-14,6.694465629313968e-14,3653
L503401001,GR4J_NSE,cal,7.176330081195038e-15,6.927791673660977e-14,6.007782705890749e-14,3653
M011491010,GR4J_NSE,cal,4.311324312638696e-15,3.2862601528904634e-14,3.6021103529900354e-14,3653
M530001010,GR4J_NSE,cal,8.190282912949463e-15,2.7755575615628914e-14,4.496946608471178e-14,3653
O038401001,GR4J_NSE,cal,5.1675393393555185e-15,1.234568003383174e-13,4.425061750455597e-14,3653
O062401001,GR4J_NSE,cal,3.035487068270696e-15,5.684341886080802e-14,7.071202685133347e-14,3653
O158461001,GR4J_NSE,cal,2.9208302890379424e-15,6.394884621840902e-14,6.869306049249578e-14,3653
O528431002,GR4J_NSE,cal,2.952419907126326e-15,4.973799150320701e-14,6.19417062490193e-14,3653
O726501001,GR4J_NSE,cal,1.0026828695390636e-14,8.171241461241152e-14,7.942827122578624e-14,3653
O794402002,GR4J_NSE,cal,3.2907281614316603e-15,6.927791673660977e-14,8.223006002659915e-14,3653
P088501001,GR4J_NSE,cal,2.748238468655733e-15,7.993605777301127e-14,3.387738398675275e-14,3653
P367401001,GR4J_NSE,cal,4.864457530630727e-15,1.3145040611561853e-13,6.57612208784497e-14,3653
P392252001,GR4J_NSE,cal,4.304773921892699e-15,9.592326932761353e-14,4.9441509220094826e-14,3653
P613402001,GR4J_NSE,cal,7.727952271158837e-15,1.2789769243681803e-13,1.0120479653814349e-13,3653
P638251001,GR4J_NSE,cal,4.422854040780259e-15,5.5067062021407764e-14,6.417210259224011e-14,3653
P821501001,GR4J_NSE,cal,8.009913672995397e-15,8.348877145181177e-14,1.259007662427561e-13,3653
Q022402001,GR4J_NSE,cal,2.2535107778272488e-14,2.255973186038318e-13,1.622798513517921e-13,3653
Q055401001,GR4J_NSE,cal,3.754735268891739e-15,1.1013412404281553e-13,1.0265181630025727e-13,3653
U012401001,GR4J_NSE,cal,5.287146133660607e-15,1.1013412404281553e-13,7.929701933940306e-14,3653
U041501001,GR4J_NSE,cal,2.1029359077609e-15,4.707345624410664e-14,1.510335384803326e-14,3653
U044431001,GR4J_NSE,cal,2.321253145341144e-15,3.8191672047105385e-14,1.8540873395798908e-14,3653
U047401001,GR4J_NSE,cal,2.7128089551489726e-15,3.375077994860476e-14,1.8585066087790586e-14,3653
U063501001,GR4J_NSE,cal,3.9782452498862135e-15,5.10702591327572e-14,5.522877610917467e-14,3653
U303401001,GR4J_NSE,cal,6.04208060986532e-15,4.085620730620576e-14,6.108244227496709e-14,3653
U342401001,GR4J_NSE,cal,2.185128742797945e-15,4.796163466380676e-14,3.753462837073544e-14,3653
U452521001,GR4J_NSE,cal,1.0551368724333856e-14,1.3855583347321954e-13,2.4238176202231635e-13,3653
U463501001,GR4J_NSE,cal,4.50978496846527e-15,1.2079226507921703e-13,1.960859656518688e-13,3653
V125501001,GR4J_NSE,cal,8.167706349536954e-15,1.7319479184152442e-13,8.030304751849669e-14,3653
V301501001,GR4J_NSE,cal,4.835835594532558e-15,9.947598300641403e-14,1.6922657985158529e-13,3653
V445501001,GR4J_NSE,cal,6.199147118876067e-15,8.526512829121202e-14,1.0876402596517769e-13,3653
V504661001,GR4J_NSE,cal,1.5703557070774933e-15,8.881784197001252e-14,3.773576545016699e-14,3653
V713501001,GR4J_NSE,cal,2.3213993099383485e-15,2.0961010704922955e-13,1.065147104109891e-13,3653
Y028406001,GR4J_NSE,cal,4.467995027210123e-15,1.5631940186722204e-13,2.2075985619024532e-13,3653
Y062402001,GR4J_NSE,cal,1.187477057731952e-15,5.0182080713057076e-14,4.039330251610647e-14,3653
Y152401001,GR4J_NSE,cal,1.9681546894210588e-14,4.014566457044566e-13,5.355603513408579e-13,3653
Y503201001,GR4J_NSE,cal,1.2868303738794989e-14,9.769962616701378e-14,2.7375825109222246e-13,3653
Y510661001,GR4J_NSE,cal,1.3124823619262235e-14,2.8066438062523957e-13,7.012118494162125e-13,3653
Y523501001,GR4J_NSE,cal,1.3352107310241917e-14,1.0746958878371515e-13,3.042607915525415e-13,3653
Y531201001,GR4J_NSE,cal,7.0327236120784676e-15,8.704148513061227e-14,2.450415605729617e-13,3653
Y561501001,GR4J_NSE,cal,2.1935260684080128e-14,4.4586556668946287e-13,3.3179977760880475e-13,3653
Y643401001,GR4J_NSE,cal,1.443996544843636e-14,2.4513724383723456e-13,2.412440286689501e-13,3653
A433301001,GR4J_NSE,val,5.325416415953046e-15,8.038014698286133e-14,4.637906413272712e-14,3652
A543101001,GR4J_NSE,val,2.384854408740472e-15,3.375077994860476e-14,4.1789185944975904e-14,3652
A673122001,GR4J_NSE,val,5.011443047053381e-15,5.595524044110789e-14,7.566328517140193e-14,3652
A843101001,GR4J_NSE,val,3.469093926386937e-15,3.197442310920451e-14,4.756538865518063e-14,3652
A983201001,GR4J_NSE,val,3.464427631209897e-15,3.907985046680551e-14,4.792134758987915e-14,3652
B134001001,GR4J_NSE,val,2.9381577656604127e-15,2.9753977059954195e-14,3.534876958124411e-14,3652
B413201001,GR4J_NSE,val,7.123316254780543e-15,3.3306690738754696e-14,4.408625281534781e-14,3652
B422431001,GR4J_NSE,val,1.764709438031056e-14,1.1102230246251565e-13,1.060006156571102e-13,3652
B460101001,GR4J_NSE,val,5.099027560209243e-15,3.7969627442180354e-14,4.3171054357829314e-14,3652
B463101001,GR4J_NSE,val,1.4465692411011977e-14,7.37188088351104e-14,8.432311821798198e-14,3652
B532201001,GR4J_NSE,val,4.2706271725400574e-15,6.394884621840902e-14,4.561749420945637e-14,3652
D020601001,GR4J_NSE,val,7.353420150689238e-15,7.771561172376096e-14,8.888712222796692e-14,3652
E403571001,GR4J_NSE,val,1.2915009473494322e-14,1.6209256159527285e-13,1.4089316069592426e-13,3652
E540651001,GR4J_NSE,val,3.918355718020117e-14,2.071676163950542e-13,1.9027796818635958e-13,3652
F453000101,GR4J_NSE,val,1.813547378745075e-13,2.1826984664130578e-13,5.707337651312439e-13,3652
H232201001,GR4J_NSE,val,2.9584510761913042e-15,3.019806626980426e-14,3.889406221811618e-14,3652
H248201001,GR4J_NSE,val,4.015129923540139e-15,3.4638958368304884e-14,4.251254999113785e-14,3652
H413041010,GR4J_NSE,val,3.9550266731615846e-14,1.6342482922482304e-13,5.315782814384782e-13,3652
H438021010,GR4J_NSE,val,1.337957987982534e-13,1.886268918838141e-13,5.388148918108531e-13,3652
H514262001,GR4J_NSE,val,3.319159579923449e-15,3.375077994860476e-14,3.9951776911353666e-14,3652
H602021010,GR4J_NSE,val,7.747413317726237e-15,7.549516567451064e-14,1.0489324850479427e-13,3652
H611061010,GR4J_NSE,val,4.0653704064253205e-14,1.7408297026122455e-13,2.8615514128232973e-13,3652
H622101001,GR4J_NSE,val,4.426163235893725e-15,3.907985046680551e-14,4.8401704674085345e-14,3652
H642301001,GR4J_NSE,val,2.4020401585941585e-14,7.949196856316121e-14,1.8028657889578897e-13,3652
I200101001,GR4J_NSE,val,5.816765174677182e-15,5.062616992290714e-14,1.1700529204510895e-13,3652
I202101001,GR4J_NSE,val,1.3924574426967734e-14,6.439293542825908e-14,1.5007849062311538e-13,3652
I346301001,GR4J_NSE,val,5.410540603142761e-15,5.81756864903582e-14,5.835229514475592e-14,3652
I403201001,GR4J_NSE,val,5.0049303947240925e-15,4.1744385725905886e-14,5.091811112288924e-14,3652
I505301001,GR4J_NSE,val,1.801599771392701e-15,3.2862601528904634e-14,2.383565996774189e-14,3652
I532151001,GR4J_NSE,val,4.580656498284571e-15,3.9968028886505635e-14,5.78990897677315e-14,3652
I722202001,GR4J_NSE,val,2.055018929634558e-15,3.9968028886505635e-14,2.5225130251175814e-14,3652
I903101001,GR4J_NSE,val,4.534498969981937e-15,3.6415315207705135e-14,4.026700673739626e-14,3652
J032301001,GR4J_NSE,val,4.1674974461782636e-15,4.04121180963557e-14,5.2826635986379105e-14,3652
J110301001,GR4J_NSE,val,5.637391277672178e-15,4.4853010194856324e-14,6.619487820163283e-14,3652
J132401001,GR4J_NSE,val,3.3662057136741006e-15,3.042011087472929e-14,4.5682544344324094e-14,3652
J151301001,GR4J_NSE,val,9.183911033639752e-15,9.237055564881302e-14,9.590882967745888e-14,3652
J172172001,GR4J_NSE,val,5.838729674998434e-15,5.773159728050814e-14,5.724097670574083e-14,3652
J181301001,GR4J_NSE,val,1.1356816123678525e-14,1.0480505352461478e-13,1.6517978206295583e-13,3652
J221311001,GR4J_NSE,val,5.271136403856186e-15,9.059419880941277e-14,6.192553329568204e-14,3652
J223301001,GR4J_NSE,val,5.5414046844810104e-15,6.661338147750939e-14,4.796375499454859e-14,3652
J251401001,GR4J_NSE,val,1.0450416805059083e-14,8.08242361927114e-14,8.133708763538312e-14,3652
J261401002,GR4J_NSE,val,5.082652190961436e-15,6.394884621840902e-14,4.67566265070231e-14,3652
J320571001,GR4J_NSE,val,4.576458193580823e-15,8.79296635503124e-14,5.641224214541781e-14,3652
J421191001,GR4J_NSE,val,2.9189831221209486e-15,9.592326932761353e-14,5.207118035149525e-14,3652
J471201002,GR4J_NSE,val,4.497446733420692e-15,1.1013412404281553e-13,7.362958335306219e-14,3652
J570481001,GR4J_NSE,val,4.800749512014898e-15,6.217248937900877e-14,3.935489482630311e-14,3652
J813301001,GR4J_NSE,val,7.424545898485895e-15,9.769962616701378e-14,1.0897065943418913e-13,3652
K066331001,GR4J_NSE,val,4.059007436466005e-15,4.973799150320701e-14,6.122801231584756e-14,3652
K075321001,GR4J_NSE,val,5.377198998961991e-15,4.1300296516055823e-14,3.837396521602308e-14,3652
K125181001,GR4J_NSE,val,3.70635554888387e-15,4.707345624410664e-14,6.151789588148821e-14,3652
K152401001,GR4J_NSE,val,2.875922965479151e-15,6.039613253960852e-14,4.281648738751805e-14,3652
K175311001,GR4J_NSE,val,2.627772280299109e-15,4.707345624410664e-14,4.320758005780926e-14,3652
K222302001,GR4J_NSE,val,9.35507557838097e-15,5.240252676230739e-14,4.266622282397703e-14,3652
K222303001,GR4J_NSE,val,7.286396044367797e-15,3.8191672047105385e-14,3.7920062738635853e-14,3652
K225401001,GR4J_NSE,val,9.931269055436531e-15,6.039613253960852e-14,6.023190669398796e-14,3652
K337301001,GR4J_NSE,val,3.874911363618394e-15,3.552713678800501e-14,6.347001655307715e-14,3652
K633252001,GR4J_NSE,val,6.000932054954821e-15,4.884981308350689e-14,8.925349324501696e-14,3652
L091402001,GR4J_NSE,val,3.928240963047714e-15,5.684341886080802e-14,6.325011773589309e-14,3652
L441171001,GR4J_NSE,val,5.1841443609084095e-15,5.684341886080802e-14,7.782026798740724e-14,3652
L465301001,GR4J_NSE,val,3.4786196570959827e-15,4.618527782440651e-14,8.027623298643433e-14,3652
L503401001,GR4J_NSE,val,8.22454020149341e-15,5.595524044110789e-14,5.698233282622974e-14,3652
M011491010,GR4J_NSE,val,5.020954509855017e-15,4.618527782440651e-14,5.859860757901974e-14,3652
M530001010,GR4J_NSE,val,8.75448973540071e-15,3.752553823233029e-14,6.680134615960721e-14,3652
O038401001,GR4J_NSE,val,4.922393154734299e-15,3.446132268436486e-13,1.145571177433005e-13,3652
O062401001,GR4J_NSE,val,3.0834342165757656e-15,6.927791673660977e-14,8.069778184758336e-14,3652
O158461001,GR4J_NSE,val,2.6603628540833704e-15,7.105427357601002e-14,7.357316350601608e-14,3652
O528431002,GR4J_NSE,val,3.289526637845444e-15,4.440892098500626e-14,5.704219022404481e-14,3652
O726501001,GR4J_NSE,val,1.2253750323645287e-14,6.794564910705958e-14,7.128350383038347e-14,3652
O794402002,GR4J_NSE,val,3.218373224266924e-15,4.618527782440651e-14,6.412297885450577e-14,3652
P088501001,GR4J_NSE,val,2.5067526566370925e-15,7.283063041541027e-14,3.127749073345494e-14,3652
P367401001,GR4J_NSE,val,4.944725183348907e-15,1.2612133559741778e-13,6.733179599693408e-14,3652
P392252001,GR4J_NSE,val,4.174794743102161e-15,9.237055564881302e-14,5.081921160945083e-14,3652
P613402001,GR4J_NSE,val,7.071179971157712e-15,1.3145040611561853e-13,1.1054116336002947e-13,3652
P638251001,GR4J_NSE,val,4.514486477809697e-15,4.884981308350689e-14,6.263998644895436e-14,3652
P821501001,GR4J_NSE,val,7.844926419272837e-15,6.838973831690964e-14,1.0915418923444574e-13,3652
Q022402001,GR4J_NSE,val,1.8252861430278858e-14,2.575717417130363e-13,1.6918692707508753e-13,3652
Q055401001,GR4J_NSE,val,2.7740250223274563e-15,1.2079226507921703e-13,1.0021257217476691e-13,3652
U012401001,GR4J_NSE,val,5.778399120369162e-15,8.171241461241152e-14,6.978474338053925e-14,3652
U041501001,GR4J_NSE,val,2.2420479120782748e-15,5.3290705182007514e-14,1.8960288265526277e-14,3652
U044431001,GR4J_NSE,val,2.6486229766431214e-15,5.684341886080802e-14,3.11357105565312e-14,3652
U047401001,GR4J_NSE,val,2.8648690144363184e-15,3.4638958368304884e-14,2.136202367236795e-14,3652
U063501001,GR4J_NSE,val,3.799986376165238e-15,4.440892098500626e-14,4.491301117108699e-14,3652
U303401001,GR4J_NSE,val,5.643230784939949e-15,7.016609515630989e-14,9.486667120210999e-14,3652
U342401001,GR4J_NSE,val,2.1992660048574215e-15,4.263256414560601e-14,3.361497733543246e-14,3652
U452521001,GR4J_NSE,val,1.1539506870451633e-14,6.394884621840902e-14,1.228518006148638e-13,3652
U463501001,GR4J_NSE,val,6.1455228802098985e-15,8.881784197001252e-14,1.616799911238273e-13,3652
V125501001,GR4J_NSE,val,8.859875604444272e-15,1.9895196601282805e-13,8.885229740165904e-14,3652
V301501001,GR4J_NSE,val,6.377927721336683e-15,6.838973831690964e-14,1.2895124865824785e-13,3652
V445501001,GR4J_NSE,val,6.621840640745564e-15,6.394884621840902e-14,7.859125260667142e-14,3652
V504661001,GR4J_NSE,val,1.5690874807371192e-15,8.171241461241152e-14,3.268374234840677e-14,3652
V713501001,GR4J_NSE,val,2.1776847469235997e-15,1.7053025658242404e-13,7.931416547786053e-14,3652
Y028406001,GR4J_NSE,val,4.418589544577878e-15,2.0605739337042905e-13,2.870354091156784e-13,3652
Y062402001,GR4J_NSE,val,1.1001063012746333e-15,5.062616992290714e-14,4.2218033732993804e-14,3652
Y152401001,GR4J_NSE,val,2.944926647477685e-14,4.2454928461665986e-13,8.074206622538908e-13,3652
Y503201001,GR4J_NSE,val,1.2112823534191468e-14,3.232969447708456e-13,5.916707280305843e-13,3652
Y510661001,GR4J_NSE,val,1.1109127926592555e-14,3.943512183468556e-13,5.778675353305245e-13,3652
Y523501001,GR4J_NSE,val,1.0525567303004513e-14,2.913225216616411e-13,5.411826090503522e-13,3652
Y531201001,GR4J_NSE,val,6.34468881721835e-15,3.801403636316536e-13,6.480939056321009e-13,3652
Y561501001,GR4J_NSE,val,1.9587877173453722e-14,5.684341886080801e-13,3.317303056188377e-13,3652
Y643401001,GR4J_NSE,val,1.4134821845489522e-14,3.481659405224491e-13,2.6984842186500694e-13,3652
A433301001,GR4J_KGE,cal,4.334703359116868e-15,7.194245199571014e-14,3.5865400820981053e-14,3653
A543101001,GR4J_KGE,cal,1.979481242018461e-15,4.263256414560601e-14,4.778354458123119e-14,3653
A673122001,GR4J_KGE,cal,4.319263463485997e-15,5.684341886080802e-14,6.01149102018704e-14,3653
A843101001,GR4J_KGE,cal,2.0332761704596224e-15,2.1316282072803006e-14,2.5716123144236177e-14,3653
A983201001,GR4J_KGE,cal,2.29343242744036e-15,3.597122599785507e-14,4.397870288052446e-14,3653
B134001001,GR4J_KGE,cal,1.7230484665593336e-15,2.220446049250313e-14,2.4036111232707467e-14,3653
B413201001,GR4J_KGE,cal,7.270898962890368e-15,4.6629367034256575e-14,5.037176146780825e-14,3653
B422431001,GR4J_KGE,cal,1.0700528852178331e-14,9.947598300641403e-14,7.962878366999769e-14,3653
B460101001,GR4J_KGE,cal,5.951940409830655e-15,4.796163466380676e-14,4.217296520347645e-14,3653
B463101001,GR4J_KGE,cal,8.131983500586793e-15,7.194245199571014e-14,6.335394484754e-14,3653
B532201001,GR4J_KGE,cal,2.7254088861763297e-15,5.5067062021407764e-14,3.3387419050155304e-14,3653
D020601001,GR4J_KGE,cal,4.531265833067296e-15,5.5067062021407764e-14,4.73584995052175e-14,3653
E403571001,GR4J_KGE,cal,1.0886234378268442e-14,1.2212453270876722e-13,9.407761867175652e-14,3653
E540651001,GR4J_KGE,cal,3.706540557886631e-14,2.318145675417327e-13,1.7664893728172068e-13,3653
F453000101,GR4J_KGE,cal,1.4434629490584737e-13,2.007283228522283e-13,4.913594901621194e-13,3653
H232201001,GR4J_KGE,cal,3.153399360861707e-15,4.1300296516055823e-14,5.996707168334653e-14,3653
H248201001,GR4J_KGE,cal,3.4844482569652075e-15,2.531308496145357e-14,3.3554425247868987e-14,3653
H413041010,GR4J_KGE,cal,3.246373681489123e-14,7.194245199571014e-14,2.1729507790409929e-13,3653
H438021010,GR4J_KGE,cal,9.06476451264473e-14,1.425526363618701e-13,3.6739623763936073e-13,3653
H514262001,GR4J_KGE,cal,3.2210715286636572e-15,4.085620730620576e-14,4.057616382531913e-14,3653
H602021010,GR4J_KGE,cal,6.9126703438709e-15,6.217248937900877e-14,7.211199122904807e-14,3653
H611061010,GR4J_KGE,cal,2.9889062911648214e-14,1.3500311979441904e-13,1.8605694328013778e-13,3653
H622101001,GR4J_KGE,cal,4.582560192795403e-15,3.4638958368304884e-14,3.7097868528455945e-14,3653
H642301001,GR4J_KGE,cal,2.1652319714800542e-14,4.884981308350689e-14,1.1562816809236358e-13,3653
I200101001,GR4J_KGE,cal,4.2495330975530305e-15,3.8191672047105385e-14,8.175389094006396e-14,3653
I202101001,GR4J_KGE,cal,1.4267119770933694e-14,6.838973831690964e-14,1.368545669425485e-13,3653
I346301001,GR4J_KGE,cal,3.378398803177709e-15,3.241851231905457e-14,2.7179029786972324e-14,3653
I403201001,GR4J_KGE,cal,4.924828529992702e-15,3.4638958368304884e-14,3.960749586802158e-14,3653
I505301001,GR4J_KGE,cal,1.0931079264322571e-15,2.3092638912203256e-14,1.737340443569503e-14,3653
I532151001,GR4J_KGE,cal,4.244261914454056e-15,3.241851231905457e-14,4.529812815555949e-14,3653
I722202001,GR4J_KGE,cal,1.792609604922479e-15,4.796163466380676e-14,3.1154253205107827e-14,3653
I903101001,GR4J_KGE,cal,4.869588144173529e-15,4.707345624410664e-14,4.095879019654899e-14,3653
J032301001,GR4J_KGE,cal,4.082633402431033e-15,3.8191672047105385e-14,5.219121135007923e-14,3653
J110301001,GR4J_KGE,cal,4.080673389116951e-15,3.730349362740526e-14,4.972852909376888e-14,3653
J132401001,GR4J_KGE,cal,4.458490747747139e-15,3.2862601528904634e-14,4.489847719491809e-14,3653
J151301001,GR4J_KGE,cal,6.871152192400002e-15,6.927791673660977e-14,6.115828752130798e-14,3653
J172172001,GR4J_KGE,cal,4.299325278458156e-15,3.885780586188048e-14,3.3124677793603965e-14,3653
J181301001,GR4J_KGE,cal,4.93996094333809e-15,5.062616992290714e-14,6.816939252486692e-14,3653
J221311001,GR4J_KGE,cal,2.598588965546746e-15,4.796163466380676e-14,2.805606913476962e-14,3653
J223301001,GR4J_KGE,cal,4.5027033283589884e-15,5.595524044110789e-14,3.4590092628159296e-14,3653
J251401001,GR4J_KGE,cal,7.219279350206374e-15,6.661338147750939e-14,5.984001147347455e-14,3653
J261401002,GR4J_KGE,cal,5.243486587484417e-15,6.661338147750939e-14,4.2037878973268035e-14,3653
J320571001,GR4J_KGE,cal,5.600362808376694e-15,5.773159728050814e-14,3.380812486590629e-14,3653
J421191001,GR4J_KGE,cal,3.271410664956903e-15,8.171241461241152e-14,4.262075188864748e-14,3653
J471201002,GR4J_KGE,cal,3.568878624824e-15,5.684341886080802e-14,3.201536944597857e-14,3653
J570481001,GR4J_KGE,cal,4.15164655305679e-15,7.105427357601002e-14,4.33372971804476e-14,3653
J813301001,GR4J_KGE,cal,4.529410412313237e-15,4.618527782440651e-14,4.2696989474202525e-14,3653
K066331001,GR4J_KGE,cal,2.243342457055844e-15,4.973799150320701e-14,5.93839287868966e-14,3653
K075321001,GR4J_KGE,cal,5.548552311831429e-15,7.815970093361102e-14,6.379687878480705e-14,3653
K125181001,GR4J_KGE,cal,2.691897669869672e-15,4.796163466380676e-14,7.334183393600431e-14,3653
K152401001,GR4J_KGE,cal,2.0235530986945166e-15,4.3520742565306136e-14,3.353570352067981e-14,3653
K175311001,GR4J_KGE,cal,2.6298009281686666e-15,4.1744385725905886e-14,4.038414764332167e-14,3653
K222302001,GR4J_KGE,cal,4.895028378143985e-15,1.0658141036401503e-13,8.245848519819075e-14,3653
K222303001,GR4J_KGE,cal,4.932670792018536e-15,5.3290705182007514e-14,5.087722685445032e-14,3653
K225401001,GR4J_KGE,cal,4.553656506898511e-15,6.394884621840902e-14,6.084298698315612e-14,3653
K337301001,GR4J_KGE,cal,3.401425297967385e-15,4.618527782440651e-14,7.862550072680295e-14,3653
K633252001,GR4J_KGE,cal,5.146312918977924e-15,2.9976021664879227e-14,4.525865349912956e-14,3653
L091402001,GR4J_KGE,cal,4.801616798998593e-15,1.1723955140041653e-13,1.1880059622532874e-13,3653
L441171001,GR4J_KGE,cal,4.806001916347019e-15,6.483702463810914e-14,7.987439619563392e-14,3653
L465301001,GR4J_KGE,cal,1.9215337832890206e-15,2.353672812205332e-14,3.8246946213377e-14,3653
L503401001,GR4J_KGE,cal,6.480581145799871e-15,6.483702463810914e-14,5.704937428253664e-14,3653
M011491010,GR4J_KGE,cal,3.643436923838592e-15,3.730349362740526e-14,4.2819612236249933e-14,3653
M530001010,GR4J_KGE,cal,8.759394532852176e-15,3.1530333899354446e-14,4.916193010830835e-14,3653
O038401001,GR4J_KGE,cal,3.061474353057372e-15,1.2079226507921703e-13,4.304295603051128e-14,3653
O062401001,GR4J_KGE,cal,1.6076539055532815e-15,4.618527782440651e-14,5.6670342030674466e-14,3653
O158461001,GR4J_KGE,cal,2.8100757304409646e-15,6.572520305780927e-14,7.294503457182267e-14,3653
O528431002,GR4J_KGE,cal,3.158609191097739e-15,5.684341886080802e-14,6.709482032168632e-14,3653
O726501001,GR4J_KGE,cal,6.5175020701704416e-15,4.973799150320701e-14,4.861706434273422e-14,3653
O794402002,GR4J_KGE,cal,2.863298094184303e-15,7.815970093361102e-14,9.667731502447003e-14,3653
P088501001,GR4J_KGE,cal,1.5587422163360045e-15,6.750155989720952e-14,2.963126693075386e-14,3653
P367401001,GR4J_KGE,cal,3.3614638321073765e-15,1.0658141036401503e-13,5.524482540619232e-14,3653
P392252001,GR4J_KGE,cal,4.24181733859418e-15,2.2382096176443156e-13,1.164352491884189e-13,3653
P613402001,GR4J_KGE,cal,4.701889889004794e-15,7.904787935331115e-14,6.19395073101635e-14,3653
P638251001,GR4J_KGE,cal,4.879100225707005e-15,5.5067062021407764e-14,6.469735762972636e-14,3653
P821501001,GR4J_KGE,cal,5.8916224782105026e-15,6.661338147750939e-14,9.894577949479993e-14,3653
Q022402001,GR4J_KGE,cal,1.8124324971753728e-14,1.900701818158268e-13,1.3201785037846199e-13,3653
Q055401001,GR4J_KGE,cal,2.4553458698613493e-15,6.750155989720952e-14,6.746300273551641e-14,3653
U012401001,GR4J_KGE,cal,3.7655381176986786e-15,4.39648317751562e-14,3.085541738488218e-14,3653
U041501001,GR4J_KGE,cal,1.8745559010046307e-15,6.394884621840902e-14,2.050521708067466e-14,3653
U044431001,GR4J_KGE,cal,2.370147664008378e-15,6.394884621840902e-14,3.122577208847173e-14,3653
U047401001,GR4J_KGE,cal,3.696034002895543e-15,9.237055564881302e-14,5.0411089522010437e-14,3653
U063501001,GR4J_KGE,cal,3.4018367783280573e-15,6.306066779870889e-14,7.00352319385926e-14,3653
U303401001,GR4J_KGE,cal,3.3115065974746364e-15,2.6201263381153694e-14,4.2955066679485826e-14,3653
U342401001,GR4J_KGE,cal,1.3930311951007926e-15,3.552713678800501e-14,2.862027970136877e-14,3653
U452521001,GR4J_KGE,cal,1.083476271270878e-14,1.0658141036401503e-13,1.72298267689038e-13,3653
U463501001,GR4J_KGE,cal,2.8788694181853453e-15,7.993605777301127e-14,1.3960127052217573e-13,3653
V125501001,GR4J_KGE,cal,4.05221404643687e-15,7.993605777301127e-14,3.707945950927139e-14,3653
V301501001,GR4J_KGE,cal,3.054378822650239e-15,5.3290705182007514e-14,9.525691294855557e-14,3653
V445501001,GR4J_KGE,cal,3.518344131058813e-15,4.973799150320701e-14,6.093602122076844e-14,3653
V504661001,GR4J_KGE,cal,1.3297862848434089e-15,1.2789769243681803e-13,5.4940008518038446e-14,3653
V713501001,GR4J_KGE,cal,1.2001434329878777e-15,1.2079226507921703e-13,6.057041902590278e-14,3653
Y028406001,GR4J_KGE,cal,3.828425476098825e-15,1.3145040611561853e-13,1.7400795591923846e-13,3653
Y062402001,GR4J_KGE,cal,2.697732479752025e-15,1.0480505352461478e-13,8.878100772632115e-14,3653
Y152401001,GR4J_KGE,cal,4.957702950840138e-15,1.7408297026122455e-13,2.5609209230677246e-13,3653
Y503201001,GR4J_KGE,cal,1.6620506167144508e-14,9.414691248821327e-14,2.4587552012753334e-13,3653
Y510661001,GR4J_KGE,cal,1.2988947102040902e-14,3.836930773104541e-13,1.1978406167138303e-12,3653
Y523501001,GR4J_KGE,cal,1.5703372742177386e-14,1.616484723854228e-13,4.426052791753334e-13,3653
Y531201001,GR4J_KGE,cal,6.136232752816163e-15,6.128431095930864e-14,1.5075060615379606e-13,3653
Y561501001,GR4J_KGE,cal,5.917851390409406e-15,1.7408297026122455e-13,1.4293131894011465e-13,3653
Y643401001,GR4J_KGE,cal,1.3309285733645845e-14,2.5224267119483557e-13,2.419228615904799e-13,3653
A433301001,GR4J_KGE,val,4.325243346553503e-15,7.194245199571014e-14,4.044441189641693e-14,3652
A543101001,GR4J_KGE,val,2.0551497935348194e-15,5.417888360170764e-14,6.788158312432232e-14,3652
A673122001,GR4J_KGE,val,5.00912338320172e-15,5.3290705182007514e-14,6.601311940072736e-14,3652
A843101001,GR4J_KGE,val,2.3247712670433922e-15,2.7533531010703882e-14,4.04676753048853e-14,3652
A983201001,GR4J_KGE,val,2.1345924498633513e-15,2.7533531010703882e-14,3.527643434937759e-14,3652
B134001001,GR4J_KGE,val,1.7583005964163434e-15,2.7533531010703882e-14,3.2450284030944195e-14,3652
B413201001,GR4J_KGE,val,9.366815326813139e-15,4.618527782440651e-14,5.894353004769811e-14,3652
B422431001,GR4J_KGE,val,1.2341006274564481e-14,8.348877145181177e-14,7.734232083704633e-14,3652
B460101001,GR4J_KGE,val,6.819164482922821e-15,3.597122599785507e-14,3.9093284116890856e-14,3652
B463101001,GR4J_KGE,val,1.0451900750159253e-14,5.5289106626332796e-14,6.147824146104749e-14,3652
B532201001,GR4J_KGE,val,2.7500026697776395e-15,5.5067062021407764e-14,3.815149994975486e-14,3652
D020601001,GR4J_KGE,val,5.6625812648752026e-15,3.730349362740526e-14,4.1044657054963614e-14,3652
E403571001,GR4J_KGE,val,1.0159957534337628e-14,1.1901590823981678e-13,1.0441116863273334e-13,3652
E540651001,GR4J_KGE,val,4.118150072925163e-14,2.1804780203638074e-13,1.9965603291510398e-13,3652
F453000101,GR4J_KGE,val,1.5544869737284311e-13,2.97761815204467e-13,7.788112572681021e-13,3652
H232201001,GR4J_KGE,val,2.999299035783733e-15,8.881784197001252e-14,1.2005157457770295e-13,3652
H248201001,GR4J_KGE,val,3.13880680043954e-15,3.064215547965432e-14,3.7530779059449925e-14,3652
H413041010,GR4J_KGE,val,3.6150627717657433e-14,9.903189379656396e-14,2.89345346114304e-13,3652
H438021010,GR4J_KGE,val,1.0998332946283917e-13,1.8240964294591322e-13,5.171702280161563e-13,3652
H514262001,GR4J_KGE,val,3.300465365750806e-15,4.440892098500626e-14,5.1948731714528836e-14,3652
H602021010,GR4J_KGE,val,6.94686060689368e-15,5.551115123125783e-14,6.888917231658906e-14,3652
H611061010,GR4J_KGE,val,3.285720542438819e-14,1.3367085216486885e-13,2.133215361657525e-13,3652
H622101001,GR4J_KGE,val,5.11234982127675e-15,5.861977570020827e-14,7.205915621470683e-14,3652
H642301001,GR4J_KGE,val,2.0377759097144428e-14,7.260858581048524e-14,1.6062144117433471e-13,3652
I200101001,GR4J_KGE,val,4.308697765043755e-15,4.3520742565306136e-14,9.773259037441005e-14,3652
I202101001,GR4J_KGE,val,1.6069454321677243e-14,5.084821452783217e-14,1.1674772126115803e-13,3652
I346301001,GR4J_KGE,val,3.291051287299253e-15,3.8191672047105385e-14,3.722901516902648e-14,3652
I403201001,GR4J_KGE,val,5.105798366508532e-15,4.796163466380676e-14,5.695975265368126e-14,3652
I505301001,GR4J_KGE,val,1.0522079041640184e-15,1.9539925233402755e-14,1.4745729573283937e-14,3652
I532151001,GR4J_KGE,val,4.023300962637276e-15,3.019806626980426e-14,4.2740346460570814e-14,3652
I722202001,GR4J_KGE,val,1.5527729719502508e-15,3.552713678800501e-14,2.280284840638356e-14,3652
I903101001,GR4J_KGE,val,5.797829416797278e-15,9.769962616701378e-14,1.0942016991323656e-13,3652
J032301001,GR4J_KGE,val,3.577665878616513e-15,4.440892098500626e-14,6.036845459463219e-14,3652
J110301001,GR4J_KGE,val,4.112584472903102e-15,4.973799150320701e-14,7.570180329660293e-14,3652
J132401001,GR4J_KGE,val,4.417821010496634e-15,6.394884621840902e-14,9.7058661539595e-14,3652
J151301001,GR4J_KGE,val,7.010082398957356e-15,6.661338147750939e-14,6.950052881699423e-14,3652
J172172001,GR4J_KGE,val,4.424613426376023e-15,4.3520742565306136e-14,4.3222918346058117e-14,3652
J181301001,GR4J_KGE,val,4.9931555700814145e-15,4.263256414560601e-14,6.687417110387784e-14,3652
J221311001,GR4J_KGE,val,2.923492665572718e-15,5.684341886080802e-14,3.894944764597013e-14,3652
J223301001,GR4J_KGE,val,4.420501592758611e-15,6.661338147750939e-14,4.76463997827167e-14,3652
J251401001,GR4J_KGE,val,7.388271699169416e-15,7.194245199571014e-14,7.295023493222965e-14,3652
J261401002,GR4J_KGE,val,5.00134717445969e-15,6.394884621840902e-14,4.650398281529973e-14,3652
J320571001,GR4J_KGE,val,5.857874296231121e-15,5.5067062021407764e-14,3.597645884436172e-14,3652
J421191001,GR4J_KGE,val,2.991655343697624e-15,5.3290705182007514e-14,2.8510829415219e-14,3652
J471201002,GR4J_KGE,val,3.872226144767931e-15,8.526512829121202e-14,5.680267706594237e-14,3652
J570481001,GR4J_KGE,val,4.122094281408905e-15,9.325873406851315e-14,6.019856164429279e-14,3652
J813301001,GR4J_KGE,val,5.207935314759245e-15,5.773159728050814e-14,6.349057974587107e-14,3652
K066331001,GR4J_KGE,val,3.4555398239429617e-15,4.263256414560601e-14,5.64664563296103e-14,3652
K075321001,GR4J_KGE,val,6.281263308995601e-15,7.638334409421077e-14,7.073650806988806e-14,3652
K125181001,GR4J_KGE,val,2.8039582708783424e-15,8.704148513061227e-14,1.2371985823262008e-13,3652
K152401001,GR4J_KGE,val,1.881863351863354e-15,4.796163466380676e-14,3.574204188215187e-14,3652
K175311001,GR4J_KGE,val,2.101664177822614e-15,2.930988785010413e-14,2.6556823425953786e-14,3652
K222302001,GR4J_KGE,val,5.75564817638771e-15,4.618527782440651e-14,3.7413649163851554e-14,3652
K222303001,GR4J_KGE,val,5.907600186192313e-15,3.2862601528904634e-14,3.280420811087988e-14,3652
K225401001,GR4J_KGE,val,4.8416034811641905e-15,4.529709940470639e-14,4.5450005222244366e-14,3652
K337301001,GR4J_KGE,val,3.851382411841326e-15,5.417888360170764e-14,1.0000281046155705e-13,3652
K633252001,GR4J_KGE,val,5.2275301065882964e-15,3.9968028886505635e-14,6.890827448632828e-14,3652
L091402001,GR4J_KGE,val,4.3687040347785354e-15,5.773159728050814e-14,6.577466528444329e-14,3652
L441171001,GR4J_KGE,val,5.082801566833336e-15,4.440892098500626e-14,6.206995794890708e-14,3652
L465301001,GR4J_KGE,val,2.163036256814361e-15,2.842170943040401e-14,4.99311264167693e-14,3652
L503401001,GR4J_KGE,val,7.202655098493598e-15,6.838973831690964e-14,7.000554416888312e-14,3652
M011491010,GR4J_KGE,val,3.634249905538096e-15,4.085620730620576e-14,5.335969897200218e-14,3652
M530001010,GR4J_KGE,val,9.85165429612377e-15,3.8191672047105385e-14,6.601720395836461e-14,3652
O038401001,GR4J_KGE,val,2.3867832823622537e-15,1.7053025658242404e-13,5.635178961363751e-14,3652
O062401001,GR4J_KGE,val,1.733957658287626e-15,5.684341886080802e-14,6.530829313250031e-14,3652
O158461001,GR4J_KGE,val,2.4956534723324562e-15,6.039613253960852e-14,6.42183368800959e-14,3652
O528431002,GR4J_KGE,val,3.4774070006609305e-15,7.283063041541027e-14,8.835599035654447e-14,3652
O726501001,GR4J_KGE,val,7.246788759022926e-15,3.907985046680551e-14,4.083393582596178e-14,3652
O794402002,GR4J_KGE,val,2.6847686707388778e-15,6.661338147750939e-14,9.594967146728967e-14,3652
P088501001,GR4J_KGE,val,1.3537012664998266e-15,3.730349362740526e-14,1.645806034092232e-14,3652
P367401001,GR4J_KGE,val,3.040960217696623e-15,7.638334409421077e-14,4.1621278671141086e-14,3652
P392252001,GR4J_KGE,val,4.172581429665935e-15,8.08242361927114e-14,4.4735129839741146e-14,3652
P613402001,GR4J_KGE,val,4.614624520151725e-15,7.815970093361102e-14,6.474270316798102e-14,3652
P638251001,GR4J_KGE,val,4.927268957017727e-15,4.440892098500626e-14,5.705969328810983e-14,3652
P821501001,GR4J_KGE,val,5.6461720154793005e-15,5.595524044110789e-14,8.765179927573805e-14,3652
Q022402001,GR4J_KGE,val,1.5125439666902314e-14,2.078337502098293e-13,1.3202310018657626e-13,3652
Q055401001,GR4J_KGE,val,1.994351799580489e-15,8.304468224196171e-14,7.377765074278581e-14,3652
U012401001,GR4J_KGE,val,4.231325106883904e-15,5.240252676230739e-14,4.3410457940614255e-14,3652
U041501001,GR4J_KGE,val,1.9664159101847572e-15,5.3290705182007514e-14,1.8896778012289263e-14,3652
U044431001,GR4J_KGE,val,2.4295013231415087e-15,5.684341886080802e-14,3.1051000959343056e-14,3652
U047401001,GR4J_KGE,val,3.622146405201528e-15,5.062616992290714e-14,3.081978629230003e-14,3652
U063501001,GR4J_KGE,val,2.971790274337371e-15,5.861977570020827e-14,6.065353403993265e-14,3652
U303401001,GR4J_KGE,val,3.40626443041355e-15,3.2862601528904634e-14,4.829878705287446e-14,3652
U342401001,GR4J_KGE,val,1.4831248291802793e-15,3.907985046680551e-14,3.152691376575578e-14,3652
U452521001,GR4J_KGE,val,1.2193683235681981e-14,1.0658141036401503e-13,1.8827408191226367e-13,3652
U463501001,GR4J_KGE,val,4.417817231688298e-15,7.638334409421077e-14,1.487000465689172e-13,3652
V125501001,GR4J_KGE,val,4.514907183585205e-15,1.4566126083082054e-13,6.47847837097785e-14,3652
V301501001,GR4J_KGE,val,4.447346195919792e-15,4.796163466380676e-14,9.404370070004473e-14,3652
V445501001,GR4J_KGE,val,3.6942080814865414e-15,4.529709940470639e-14,5.315966745769661e-14,3652
V504661001,GR4J_KGE,val,1.3079881959421905e-15,1.0658141036401503e-13,4.3064015081852376e-14,3652
V713501001,GR4J_KGE,val,1.277956303802846e-15,1.2079226507921703e-13,5.547496069475947e-14,3652
Y028406001,GR4J_KGE,val,4.729534691058418e-15,2.1316282072803006e-13,2.781038833790005e-13,3652
Y062402001,GR4J_KGE,val,2.8077449256151408e-15,8.526512829121202e-14,7.59702814906629e-14,3652
Y152401001,GR4J_KGE,val,7.439934802290586e-15,1.1901590823981678e-13,2.4351639750223984e-13,3652
Y503201001,GR4J_KGE,val,1.469564506569958e-14,2.3803181647963356e-13,4.0864451756306953e-13,3652
Y510661001,GR4J_KGE,val,1.0693859294434316e-14,4.867217739956686e-13,8.684892739342711e-13,3652
Y523501001,GR4J_KGE,val,1.2558926874634318e-14,3.055333763768431e-13,5.48528020915869e-13,3652
Y531201001,GR4J_KGE,val,4.7688040307711705e-15,1.6697754290362354e-13,2.529007481363357e-13,3652
Y561501001,GR4J_KGE,val,5.487079190289231e-15,2.3447910280083306e-13,1.455045206630741e-13,3652
Y643401001,GR4J_KGE,val,1.2427197020656837e-14,3.481659405224491e-13,2.618008409167968e-13,3652
A433301001,GR5J_NSE,cal,3.87656675715967e-15,6.128431095930864e-14,3.05667050655915e-14,3653
A543101001,GR5J_NSE,cal,2.0812907862592742e-15,4.263256414560601e-14,5.1903631451710685e-14,3653
A673122001,GR5J_NSE,cal,3.3150347500700714e-15,6.750155989720952e-14,7.216675112421859e-14,3653
A843101001,GR5J_NSE,cal,4.764574986472887e-15,7.460698725481052e-14,9.145382194218429e-14,3653
A983201001,GR5J_NSE,cal,2.7345274314958124e-15,3.3306690738754696e-14,4.005798447706801e-14,3653
B134001001,GR5J_NSE,cal,2.8555872222162894e-15,3.375077994860476e-14,3.756922587224045e-14,3653
B413201001,GR5J_NSE,cal,4.800676774045157e-15,2.7977620220553945e-14,2.998290870275284e-14,3653
B422431001,GR5J_NSE,cal,4.033077195568654e-15,3.6415315207705135e-14,2.865912654925137e-14,3653
B460101001,GR5J_NSE,cal,3.767894338430993e-15,3.863576125695545e-14,3.377667939231313e-14,3653
B463101001,GR5J_NSE,cal,3.3381555490286624e-15,3.4638958368304884e-14,3.0281767152428004e-14,3653
B532201001,GR5J_NSE,cal,3.3157216332914786e-15,7.638334409421077e-14,4.638263336167515e-14,3653
D020601001,GR5J_NSE,cal,8.558278715597518e-15,1.2256862191861728e-13,1.0620838349779352e-13,3653
E403571001,GR5J_NSE,cal,9.175908556359139e-15,1.6608936448392342e-13,1.2941484939707184e-13,3653
E540651001,GR5J_NSE,cal,2.894530743744584e-14,2.0827783941967937e-13,1.5792318537846345e-13,3653
F453000101,GR5J_NSE,cal,1.0383778014903738e-13,1.3877787807814457e-13,3.3709120715881065e-13,3653
H232201001,GR5J_NSE,cal,3.0788813630750538e-15,3.042011087472929e-14,4.403579143061186e-14,3653
H248201001,GR5J_NSE,cal,3.954321449753836e-15,3.108624468950438e-14,4.115444607294689e-14,3653
H413041010,GR5J_NSE,cal,7.282723179396048e-15,3.3306690738754696e-14,9.932610782243411e-14,3653
H438021010,GR5J_NSE,cal,5.293740391985339e-14,9.259260025373806e-14,2.3752035276125165e-13,3653
H514262001,GR5J_NSE,cal,5.028204633587329e-15,7.904787935331115e-14,7.640730261924837e-14,3653
H602021010,GR5J_NSE,cal,5.169433619382695e-15,5.684341886080802e-14,6.56262071939547e-14,3653
H611061010,GR5J_NSE,cal,1.62173698196573e-14,6.261657858885883e-14,8.575133407115837e-14,3653
H622101001,GR5J_NSE,cal,4.431352256188719e-15,3.952393967665557e-14,4.192309391041193e-14,3653
H642301001,GR5J_NSE,cal,1.1215152685751298e-14,4.218847493575595e-14,9.940338086992848e-14,3653
I200101001,GR5J_NSE,cal,6.059691410234474e-15,4.440892098500626e-14,9.838637326614014e-14,3653
I202101001,GR5J_NSE,cal,1.1177954153288414e-14,3.8413716652030416e-14,7.6969335586845e-14,3653
I346301001,GR5J_NSE,cal,4.6451649219935444e-15,4.75175454539567e-14,3.988267365585986e-14,3653
I403201001,GR5J_NSE,cal,4.800400346531276e-15,4.796163466380676e-14,5.5039795524363515e-14,3653
I505301001,GR5J_NSE,cal,2.1302077876220162e-15,4.75175454539567e-14,3.5817569131278686e-14,3653
I532151001,GR5J_NSE,cal,3.897480251428839e-15,4.3520742565306136e-14,6.053774723811917e-14,3653
I722202001,GR5J_NSE,cal,2.0792742990695397e-15,2.842170943040401e-14,1.8920886709038845e-14,3653
I903101001,GR5J_NSE,cal,3.821409866771926e-15,5.1514348342607263e-14,4.3785943595008795e-14,3653
J032301001,GR5J_NSE,cal,5.414302687611883e-15,3.419486915845482e-14,4.687914550393809e-14,3653
J110301001,GR5J_NSE,cal,4.7308375139587334e-15,3.5083047578154947e-14,4.5626006837096925e-14,3653
J132401001,GR5J_NSE,cal,5.746120962355497e-15,4.529709940470639e-14,6.08612141142052e-14,3653
J151301001,GR5J_NSE,cal,9.56268273011734e-15,6.927791673660977e-14,5.974140417717437e-14,3653
J172172001,GR5J_NSE,cal,5.2131024307443035e-15,7.194245199571014e-14,6.056738244003892e-14,3653
J181301001,GR5J_NSE,cal,7.222387965961729e-15,4.75175454539567e-14,6.374739487356512e-14,3653
J221311001,GR5J_NSE,cal,4.9685766048788544e-15,7.016609515630989e-14,4.019787156951943e-14,3653
J223301001,GR5J_NSE,cal,5.581608481579131e-15,8.615330671091215e-14,5.323812980304051e-14,3653
J251401001,GR5J_NSE,cal,1.118831335825809e-14,8.970602038971265e-14,8.005354260594223e-14,3653
J261401002,GR5J_NSE,cal,5.9483918865664885e-15,8.08242361927114e-14,5.052671317321826e-14,3653
J320571001,GR5J_NSE,cal,6.359287007471053e-15,6.927791673660977e-14,4.0646795108944365e-14,3653
J421191001,GR5J_NSE,cal,2.6801440103225134e-15,4.440892098500626e-14,2.3189895213423245e-14,3653
J471201002,GR5J_NSE,cal,4.3999563432887095e-15,8.615330671091215e-14,4.8130685762200015e-14,3653
J570481001,GR5J_NSE,cal,4.3450333926002004e-15,6.394884621840902e-14,3.9287408948284893e-14,3653
J813301001,GR5J_NSE,cal,6.6706272298208976e-15,5.773159728050814e-14,5.267536389153014e-14,3653
K066331001,GR5J_NSE,cal,3.588314553958181e-15,7.815970093361102e-14,9.092678818550998e-14,3653
K075321001,GR5J_NSE,cal,6.164307103458994e-15,9.592326932761353e-14,7.939696071313788e-14,3653
K125181001,GR5J_NSE,cal,2.9514356747837406e-15,3.064215547965432e-14,4.6576450992528506e-14,3653
K152401001,GR5J_NSE,cal,2.439888568308398e-15,3.730349362740526e-14,2.895460099852918e-14,3653
K175311001,GR5J_NSE,cal,2.59223187700377e-15,3.197442310920451e-14,3.102470311469492e-14,3653
K222302001,GR5J_NSE,cal,1.1824047977964288e-14,2.2026824808563106e-13,1.7378695394207488e-13,3653
K222303001,GR5J_NSE,cal,7.300081135516437e-15,1.0302869668521453e-13,9.716511277650675e-14,3653
K225401001,GR5J_NSE,cal,1.0159233881673774e-14,1.4033219031261979e-13,1.3391479540992972e-13,3653
K337301001,GR5J_NSE,cal,3.873819613255681e-15,2.708944180085382e-14,4.795016495392281e-14,3653
K633252001,GR5J_NSE,cal,7.23403285234379e-15,4.884981308350689e-14,7.329297279929433e-14,3653
L091402001,GR5J_NSE,cal,9.279976735289698e-15,1.1368683772161603e-13,1.1639560826445207e-13,3653
L441171001,GR5J_NSE,cal,4.399122798840256e-15,5.1514348342607263e-14,6.497885830738028e-14,3653
L465301001,GR5J_NSE,cal,2.783426736254633e-15,3.3306690738754696e-14,5.7515215760331e-14,3653
L503401001,GR5J_NSE,cal,7.404586216269552e-15,7.638334409421077e-14,6.59914734926372e-14,3653
M011491010,GR5J_NSE,cal,5.607386284751891e-15,4.085620730620576e-14,4.695191587883353e-14,3653
M530001010,GR5J_NSE,cal,6.378881619438984e-15,2.2648549702353193e-14,3.4933205351222805e-14,3653
O038401001,GR5J_NSE,cal,6.963601203554413e-15,2.007283228522283e-13,7.325010953785945e-14,3653
O062401001,GR5J_NSE,cal,2.272622209787429e-15,6.039613253960852e-14,8.234577790848648e-14,3653
O158461001,GR5J_NSE,cal,4.310964095114405e-15,1.2256862191861728e-13,1.4700199643042349e-13,3653
O528431002,GR5J_NSE,cal,3.634338658138512e-15,6.217248937900877e-14,7.746333260961232e-14,3653
O726501001,GR5J_NSE,cal,1.165418426573231e-14,1.7408297026122455e-13,1.6893061399054654e-13,3653
O794402002,GR5J_NSE,cal,3.221941800514821e-15,6.394884621840902e-14,8.72952489984958e-14,3653
P088501001,GR5J_NSE,cal,2.9911242720626476e-15,1.1191048088221578e-13,4.870457227823813e-14,3653
P367401001,GR5J_NSE,cal,6.183368835720369e-15,1.6342482922482304e-13,8.449569213454053e-14,3653
P392252001,GR5J_NSE,cal,4.4006689943383855e-15,1.2079226507921703e-13,6.335613247955985e-14,3653
P613402001,GR5J_NSE,cal,6.048324398560842e-15,1.2256862191861728e-13,9.610688470729659e-14,3653
P638251001,GR5J_NSE,cal,4.403272910414205e-15,5.3290705182007514e-14,6.285617814820682e-14,3653
P821501001,GR5J_NSE,cal,8.905260104327836e-15,9.50350909079134e-14,1.424890205004813e-13,3653
Q022402001,GR5J_NSE,cal,8.575151774982113e-15,1.3855583347321954e-13,9.624764873653668e-14,3653
Q055401001,GR5J_NSE,cal,5.081226046583326e-15,1.4033219031261979e-13,1.4185678539170267e-13,3653
U012401001,GR5J_NSE,cal,4.479980390612776e-15,7.815970093361102e-14,5.480287372277586e-14,3653
U041501001,GR5J_NSE,cal,2.8787051956392387e-15,7.105427357601002e-14,2.2736861331200193e-14,3653
U044431001,GR5J_NSE,cal,3.58551760897329e-15,7.105427357601002e-14,3.482126641558516e-14,3653
U047401001,GR5J_NSE,cal,4.064372480359113e-15,6.306066779870889e-14,3.445114030039889e-14,3653
U063501001,GR5J_NSE,cal,4.347545396628985e-15,4.796163466380676e-14,5.356785331614551e-14,3653
U303401001,GR5J_NSE,cal,5.574560063065675e-15,3.8191672047105385e-14,6.249560815649254e-14,3653
U342401001,GR5J_NSE,cal,2.001671509977071e-15,5.3290705182007514e-14,4.188202425522425e-14,3653
U452521001,GR5J_NSE,cal,7.432409208600283e-15,1.1723955140041653e-13,1.8865683225851713e-13,3653
U463501001,GR5J_NSE,cal,3.60704587461677e-15,1.0658141036401503e-13,1.9499676468891286e-13,3653
V125501001,GR5J_NSE,cal,9.485427330949166e-15,1.8030021919912542e-13,8.39253399034579e-14,3653
V301501001,GR5J_NSE,cal,3.789250124475903e-15,8.526512829121202e-14,1.5933991711833279e-13,3653
V445501001,GR5J_NSE,cal,4.925360066997963e-15,6.394884621840902e-14,8.520968507758929e-14,3653
V504661001,GR5J_NSE,cal,2.086794469107866e-15,1.2789769243681803e-13,5.562824281051957e-14,3653
V713501001,GR5J_NSE,cal,2.225693609587482e-15,2.0605739337042905e-13,1.0063987362860966e-13,3653
Y028406001,GR5J_NSE,cal,4.01587847135656e-15,1.8474111129762605e-13,2.5146854355333044e-13,3653
Y062402001,GR5J_NSE,cal,3.8427342352500895e-15,7.815970093361102e-14,6.652378495486435e-14,3653
Y152401001,GR5J_NSE,cal,1.8622235691613334e-14,5.826450433232822e-13,8.000052765259592e-13,3653
Y503201001,GR5J_NSE,cal,1.604028400985082e-14,1.3145040611561853e-13,3.391675317691536e-13,3653
Y510661001,GR5J_NSE,cal,2.1097660343265194e-14,4.5297099404706387e-13,1.326110825503819e-12,3653
Y523501001,GR5J_NSE,cal,2.946918811533468e-14,2.291500322826323e-13,6.197987809584706e-13,3653
Y531201001,GR5J_NSE,cal,8.20096764015297e-15,1.0302869668521453e-13,2.404533393385004e-13,3653
Y561501001,GR5J_NSE,cal,3.223379777884901e-14,6.3860028376439e-13,4.972507080965251e-13,3653
Y643401001,GR5J_NSE,cal,1.2762074644862772e-14,3.375077994860476e-13,3.2146523277610765e-13,3653
A433301001,GR5J_NSE,val,4.059712636378114e-15,4.796163466380676e-14,2.6206631510675317e-14,3652
A543101001,GR5J_NSE,val,1.96875095357777e-15,3.064215547965432e-14,4.232304638087016e-14,3652
A673122001,GR5J_NSE,val,3.606468789764052e-15,4.796163466380676e-14,5.538031875169497e-14,3652
A843101001,GR5J_NSE,val,4.913821636095715e-15,3.9968028886505635e-14,6.150800179588024e-14,3652
A983201001,GR5J_NSE,val,2.6050604807912875e-15,3.108624468950438e-14,3.990670783833488e-14,3652
B134001001,GR5J_NSE,val,2.8220958720857236e-15,4.618527782440651e-14,5.714596114417297e-14,3652
B413201001,GR5J_NSE,val,5.6035719943026605e-15,2.7533531010703882e-14,3.201670357858033e-14,3652
B422431001,GR5J_NSE,val,4.1626119795284565e-15,3.907985046680551e-14,3.235238977069345e-14,3652
B460101001,GR5J_NSE,val,4.342193643294112e-15,3.9968028886505635e-14,4.0080446537980355e-14,3652
B463101001,GR5J_NSE,val,3.886303016980114e-15,3.2862601528904634e-14,3.312767881782976e-14,3652
B532201001,GR5J_NSE,val,3.449882008781964e-15,8.526512829121202e-14,5.876387559664429e-14,3652
D020601001,GR5J_NSE,val,9.800001122143076e-15,8.881784197001252e-14,9.648178131236011e-14,3652
E403571001,GR5J_NSE,val,1.020215508425943e-14,1.6786572132332367e-13,1.4654182806751026e-13,3652
E540651001,GR5J_NSE,val,3.503032624548525e-14,1.936228954946273e-13,1.7045945932546103e-13,3652
F453000101,GR5J_NSE,val,1.1141577475587088e-13,1.6919798895287386e-13,4.3160412986030255e-13,3652
H232201001,GR5J_NSE,val,2.7273096132848427e-15,3.4638958368304884e-14,4.64640514956529e-14,3652
H248201001,GR5J_NSE,val,3.3703001187433283e-15,2.842170943040401e-14,3.483529330946213e-14,3652
H413041010,GR5J_NSE,val,6.713727910405832e-15,2.6645352591003757e-14,7.508462717710697e-14,3652
H438021010,GR5J_NSE,val,6.018779047159115e-14,1.0369483049998962e-13,2.8403596915535633e-13,3652
H514262001,GR5J_NSE,val,4.774289351828658e-15,4.884981308350689e-14,5.640326993348441e-14,3652
H602021010,GR5J_NSE,val,5.217068832646543e-15,5.861977570020827e-14,6.988492939502961e-14,3652
H611061010,GR5J_NSE,val,1.695773567762953e-14,5.417888360170764e-14,7.976564279577947e-14,3652
H622101001,GR5J_NSE,val,4.834304578142165e-15,4.085620730620576e-14,4.997903999822985e-14,3652
H642301001,GR5J_NSE,val,1.1636937784857052e-14,4.39648317751562e-14,9.606067328213373e-14,3652
I200101001,GR5J_NSE,val,5.85159813296016e-15,4.884981308350689e-14,1.1696039592904992e-13,3652
I202101001,GR5J_NSE,val,1.2041842416546539e-14,4.6851411639181606e-14,1.0566362685315883e-13,3652
I346301001,GR5J_NSE,val,4.590607024161216e-15,4.618527782440651e-14,4.490818421966262e-14,3652
I403201001,GR5J_NSE,val,4.6283906937872275e-15,6.128431095930864e-14,7.17757871652851e-14,3652
I505301001,GR5J_NSE,val,2.0451559758493376e-15,5.1514348342607263e-14,3.955297413729349e-14,3652
I532151001,GR5J_NSE,val,3.724409564862353e-15,6.394884621840902e-14,8.93660395352278e-14,3652
I722202001,GR5J_NSE,val,1.9574879809732814e-15,3.4638958368304884e-14,2.2923948635614045e-14,3652
I903101001,GR5J_NSE,val,4.296493525023302e-15,3.8191672047105385e-14,4.1296665878461367e-14,3652
J032301001,GR5J_NSE,val,5.057484039903764e-15,5.728750807065808e-14,7.909001311604885e-14,3652
J110301001,GR5J_NSE,val,4.803870914169251e-15,3.419486915845482e-14,5.131951186612318e-14,3652
J132401001,GR5J_NSE,val,4.92015518497136e-15,4.3520742565306136e-14,6.530665134958821e-14,3652
J151301001,GR5J_NSE,val,9.715472289550657e-15,7.904787935331115e-14,7.930905820485363e-14,3652
J172172001,GR5J_NSE,val,5.133807526113985e-15,4.1522341120980855e-14,4.078422724174443e-14,3652
J181301001,GR5J_NSE,val,7.546974379247825e-15,5.5289106626332796e-14,8.73305641277827e-14,3652
J221311001,GR5J_NSE,val,5.049246454763085e-15,8.704148513061227e-14,5.813450999204059e-14,3652
J223301001,GR5J_NSE,val,5.599486658533383e-15,1.1102230246251565e-13,7.917452109539139e-14,3652
J251401001,GR5J_NSE,val,1.1492720042331904e-14,9.414691248821327e-14,9.724644707826273e-14,3652
J261401002,GR5J_NSE,val,6.131409769167165e-15,8.79296635503124e-14,6.290286834376804e-14,3652
J320571001,GR5J_NSE,val,6.1912536728614e-15,6.927791673660977e-14,4.4465686871024094e-14,3652
J421191001,GR5J_NSE,val,2.7143557555206535e-15,4.618527782440651e-14,2.456945184774279e-14,3652
J471201002,GR5J_NSE,val,4.536873284466653e-15,1.0835776720341528e-13,7.08068838821021e-14,3652
J570481001,GR5J_NSE,val,4.522401838757668e-15,6.394884621840902e-14,4.1619746920652853e-14,3652
J813301001,GR5J_NSE,val,6.694002094024175e-15,7.37188088351104e-14,7.9454758688039e-14,3652
K066331001,GR5J_NSE,val,5.1790804385683315e-15,6.750155989720952e-14,8.797449942893209e-14,3652
K075321001,GR5J_NSE,val,6.9627192176183065e-15,6.217248937900877e-14,5.933241342273212e-14,3652
K125181001,GR5J_NSE,val,2.8079483817998135e-15,4.529709940470639e-14,6.374788099237439e-14,3652
K152401001,GR5J_NSE,val,2.265137848497609e-15,3.019806626980426e-14,2.2880296300401214e-14,3652
K175311001,GR5J_NSE,val,2.3067877021690975e-15,3.552713678800501e-14,3.2305258891322765e-14,3652
K222302001,GR5J_NSE,val,1.4385489789118592e-14,1.021405182655144e-13,8.75455834722837e-14,3652
K222303001,GR5J_NSE,val,8.53254773999971e-15,6.838973831690964e-14,6.832827622853825e-14,3652
K225401001,GR5J_NSE,val,1.1647957474317459e-14,6.483702463810914e-14,6.636959183547532e-14,3652
K337301001,GR5J_NSE,val,4.639702159175787e-15,3.68594044175552e-14,7.271772091853289e-14,3652
K633252001,GR5J_NSE,val,6.8055795208814106e-15,5.950795411990839e-14,9.584938811976957e-14,3652
L091402001,GR5J_NSE,val,9.50513541243239e-15,1.2612133559741778e-13,1.5030677484619138e-13,3652
L441171001,GR5J_NSE,val,4.666080897634801e-15,6.394884621840902e-14,9.267367397607767e-14,3652
L465301001,GR5J_NSE,val,2.5415556068249278e-15,3.019806626980426e-14,5.736673434391001e-14,3652
L503401001,GR5J_NSE,val,8.278043673210332e-15,8.348877145181177e-14,8.361120272275172e-14,3652
M011491010,GR5J_NSE,val,5.8295282813391744e-15,4.463096558993129e-14,6.027663847930696e-14,3652
M530001010,GR5J_NSE,val,6.45783527733464e-15,2.19824158875781e-14,3.626424004590013e-14,3652
O038401001,GR5J_NSE,val,6.094632296339387e-15,2.3447910280083306e-13,7.902815859667255e-14,3652
O062401001,GR5J_NSE,val,2.233947248176844e-15,5.5067062021407764e-14,6.956870065237726e-14,3652
O158461001,GR5J_NSE,val,3.654235480094336e-15,7.638334409421077e-14,8.795297496086413e-14,3652
O528431002,GR5J_NSE,val,3.5429154412896377e-15,4.973799150320701e-14,6.405929520914778e-14,3652
O726501001,GR5J_NSE,val,1.432162564352988e-14,9.50350909079134e-14,1.0000217139372694e-13,3652
O794402002,GR5J_NSE,val,3.299896305439173e-15,5.417888360170764e-14,8.908246215489135e-14,3652
P088501001,GR5J_NSE,val,2.874317845857949e-15,1.3145040611561853e-13,5.857572397130788e-14,3652
P367401001,GR5J_NSE,val,6.29791420713846e-15,1.6608936448392342e-13,9.325511651439121e-14,3652
P392252001,GR5J_NSE,val,4.155575585552925e-15,8.348877145181177e-14,4.7007482367991235e-14,3652
P613402001,GR5J_NSE,val,6.020909957681857e-15,1.0125233984581428e-13,8.349195191134532e-14,3652
P638251001,GR5J_NSE,val,4.153288886798262e-15,3.907985046680551e-14,5.032395763212945e-14,3652
P821501001,GR5J_NSE,val,8.16148860208691e-15,6.306066779870889e-14,9.926560671368675e-14,3652
Q022402001,GR5J_NSE,val,7.793375878135097e-15,1.5631940186722204e-13,1.005313613159581e-13,3652
Q055401001,GR5J_NSE,val,4.295353807373627e-15,1.829647544582258e-13,1.6176884983956894e-13,3652
U012401001,GR5J_NSE,val,5.223277597339464e-15,8.171241461241152e-14,6.589816103183815e-14,3652
U041501001,GR5J_NSE,val,3.1307644031979743e-15,9.237055564881302e-14,3.2845358725078146e-14,3652
U044431001,GR5J_NSE,val,3.580732329268689e-15,6.394884621840902e-14,3.55425359189828e-14,3652
U047401001,GR5J_NSE,val,3.926708892521628e-15,5.684341886080802e-14,3.440078387302402e-14,3652
U063501001,GR5J_NSE,val,3.762490761219619e-15,6.572520305780927e-14,6.820985577381424e-14,3652
U303401001,GR5J_NSE,val,4.8101429648641344e-15,4.3520742565306136e-14,6.337146184992984e-14,3652
U342401001,GR5J_NSE,val,2.280883754696812e-15,4.085620730620576e-14,3.226496349244051e-14,3652
U452521001,GR5J_NSE,val,8.736452884668481e-15,6.927791673660977e-14,1.1912223997242248e-13,3652
U463501001,GR5J_NSE,val,5.064000510412985e-15,8.79296635503124e-14,1.8547610786196616e-13,3652
V125501001,GR5J_NSE,val,9.983922931909972e-15,2.2026824808563106e-13,9.881174697206448e-14,3652
V301501001,GR5J_NSE,val,5.3694674765214994e-15,8.881784197001252e-14,1.8815677956475411e-13,3652
V445501001,GR5J_NSE,val,5.38356790717064e-15,6.394884621840902e-14,8.21051185744585e-14,3652
V504661001,GR5J_NSE,val,2.1330594882900155e-15,2.5579538487363607e-13,1.0429070302630486e-13,3652
V713501001,GR5J_NSE,val,2.135769447807917e-15,2.1316282072803006e-13,9.593946706151446e-14,3652
Y028406001,GR5J_NSE,val,4.291207099856835e-15,2.2737367544323206e-13,3.106864820883545e-13,3652
Y062402001,GR5J_NSE,val,4.228534014244123e-15,1.3500311979441904e-13,1.211177780321943e-13,3652
Y152401001,GR5J_NSE,val,2.983433445476586e-14,4.511946372076636e-13,9.082695030607645e-13,3652
Y503201001,GR5J_NSE,val,1.3143451028236277e-14,2.504663143554353e-13,4.4730565961531274e-13,3652
Y510661001,GR5J_NSE,val,1.7569258595071287e-14,4.298783551348606e-13,6.606045369177887e-13,3652
Y523501001,GR5J_NSE,val,2.573371141417582e-14,6.110667527536862e-13,1.0630016758098744e-12,3652
Y531201001,GR5J_NSE,val,6.753575557608548e-15,2.4868995751603507e-13,3.877484891841472e-13,3652
Y561501001,GR5J_NSE,val,2.6059127489382283e-14,7.602807272633072e-13,4.541731293590786e-13,3652
Y643401001,GR5J_NSE,val,1.0579393627011586e-14,2.717825964282383e-13,2.0770728123191976e-13,3652
A433301001,GR6J_NSE,cal,3.1733617534767313e-15,5.284661597215745e-14,2.6407019107000583e-14,3653
A543101001,GR6J_NSE,cal,1.874309719315431e-15,3.8191672047105385e-14,4.5103486696637854e-14,3653
A673122001,GR6J_NSE,cal,1.596322539382528e-15,1.865174681370263e-14,1.961566101899979e-14,3653
A843101001,GR6J_NSE,cal,3.6876770502004674e-15,4.796163466380676e-14,5.865801385990052e-14,3653
A983201001,GR6J_NSE,cal,1.9681354396995557e-15,1.9984014443252818e-14,2.4247671885002312e-14,3653
B134001001,GR6J_NSE,cal,2.843028456052952e-15,4.263256414560601e-14,4.6912362894065557e-14,3653
B413201001,GR6J_NSE,cal,2.484298370286828e-15,2.842170943040401e-14,3.0661351924230353e-14,3653
B422431001,GR6J_NSE,cal,2.5057485091466466e-15,3.108624468950438e-14,2.4596792259687687e-14,3653
B460101001,GR6J_NSE,cal,2.243240649945293e-15,2.4868995751603507e-14,2.1829693186101506e-14,3653
B463101001,GR6J_NSE,cal,3.2927405308794307e-15,3.9968028886505635e-14,3.5073161517836585e-14,3653
B532201001,GR6J_NSE,cal,1.643315095071145e-15,2.842170943040401e-14,1.748737357470994e-14,3653
D020601001,GR6J_NSE,cal,2.6126745549129404e-15,2.842170943040401e-14,2.4432629612858817e-14,3653
E403571001,GR6J_NSE,cal,7.0339396494040354e-15,7.005507285384738e-14,5.4527581969827896e-14,3653
E540651001,GR6J_NSE,cal,2.498756519418118e-14,1.8562928971732617e-13,1.4086298517470435e-13,3653
F453000101,GR6J_NSE,cal,1.7451544939880497e-14,8.570921750106208e-14,2.0637345269193304e-13,3653
H232201001,GR6J_NSE,cal,2.5527843692326447e-15,3.019806626980426e-14,4.383421805338161e-14,3653
H248201001,GR6J_NSE,cal,2.341868799748605e-15,1.5987211554602254e-14,2.131770364961936e-14,3653
H413041010,GR6J_NSE,cal,8.906881937713215e-15,3.042011087472929e-14,8.990277348377376e-14,3653
H438021010,GR6J_NSE,cal,6.278576883048546e-15,2.2315482794965646e-14,5.767038579139433e-14,3653
H514262001,GR6J_NSE,cal,1.5911471408425127e-15,3.108624468950438e-14,3.0021708004787234e-14,3653
H602021010,GR6J_NSE,cal,2.700704794707069e-15,3.019806626980426e-14,3.5238880922312084e-14,3653
H611061010,GR6J_NSE,cal,2.6126821094509818e-14,1.9584334154387761e-13,2.7392158000824606e-13,3653
H622101001,GR6J_NSE,cal,2.4509040024898838e-15,2.398081733190338e-14,2.5288782326747052e-14,3653
H642301001,GR6J_NSE,cal,8.062098817811938e-15,2.4424906541753444e-14,5.736258976057913e-14,3653
I200101001,GR6J_NSE,cal,3.6740294223833874e-15,2.353672812205332e-14,5.02139380942257e-14,3653
I202101001,GR6J_NSE,cal,7.039698194410627e-15,2.398081733190338e-14,4.7884244727660874e-14,3653
I346301001,GR6J_NSE,cal,4.169307102745963e-15,4.574118861455645e-14,3.8498157061937645e-14,3653
I403201001,GR6J_NSE,cal,3.202676137840825e-15,2.4868995751603507e-14,2.852018251480668e-14,3653
I505301001,GR6J_NSE,cal,9.104676002877136e-16,2.398081733190338e-14,1.7778769243115605e-14,3653
I532151001,GR6J_NSE,cal,3.046593044454624e-15,2.1316282072803006e-14,2.951739357069162e-14,3653
I722202001,GR6J_NSE,cal,1.0311222172865359e-15,3.375077994860476e-14,2.2230655423525368e-14,3653
I903101001,GR6J_NSE,cal,3.00733878566546e-15,2.9753977059954195e-14,2.5599015016963902e-14,3653
J032301001,GR6J_NSE,cal,7.358630997555962e-15,6.794564910705958e-14,9.4525671015588e-14,3653
J110301001,GR6J_NSE,cal,2.523539982028507e-15,2.6645352591003757e-14,3.533371944523339e-14,3653
J132401001,GR6J_NSE,cal,2.058275700149941e-15,1.4654943925052066e-14,1.990183085299159e-14,3653
J151301001,GR6J_NSE,cal,4.3948639589130466e-15,4.796163466380676e-14,4.1734257084681315e-14,3653
J172172001,GR6J_NSE,cal,6.676467537824118e-15,6.306066779870889e-14,5.345195980244904e-14,3653
J181301001,GR6J_NSE,cal,8.821282324226968e-15,6.306066779870889e-14,8.485745676563283e-14,3653
J221311001,GR6J_NSE,cal,2.6407163737344568e-15,5.684341886080802e-14,3.292031576807654e-14,3653
J223301001,GR6J_NSE,cal,3.5233837183790815e-15,3.730349362740526e-14,2.304873870069119e-14,3653
J251401001,GR6J_NSE,cal,5.001809530546843e-15,3.4638958368304884e-14,3.083570677745774e-14,3653
J261401002,GR6J_NSE,cal,3.312126524833196e-15,4.3520742565306136e-14,2.7468486307042136e-14,3653
J320571001,GR6J_NSE,cal,3.5440642786057793e-15,7.283063041541027e-14,4.2948695352595856e-14,3653
J421191001,GR6J_NSE,cal,2.5205408012184564e-15,4.263256414560601e-14,2.2264445326861458e-14,3653
J471201002,GR6J_NSE,cal,2.9163328839773236e-15,4.884981308350689e-14,2.7129605433303387e-14,3653
J570481001,GR6J_NSE,cal,3.0738958717462683e-15,4.618527782440651e-14,2.836683072322625e-14,3653
J813301001,GR6J_NSE,cal,4.28409436521674e-15,4.440892098500626e-14,4.068661519764842e-14,3653
K066331001,GR6J_NSE,cal,3.578273243092953e-15,1.0658141036401503e-13,1.2609753392789194e-13,3653
K075321001,GR6J_NSE,cal,5.080065657666649e-15,9.592326932761353e-14,7.874716785998143e-14,3653
K125181001,GR6J_NSE,cal,5.284034395681154e-15,8.526512829121202e-14,1.3310310627036206e-13,3653
K152401001,GR6J_NSE,cal,2.4865011883997206e-15,4.263256414560601e-14,3.3812294106064255e-14,3653
K175311001,GR6J_NSE,cal,1.4620761391544478e-15,2.4868995751603507e-14,2.4066302736522185e-14,3653
K222302001,GR6J_NSE,cal,5.322555677978281e-15,1.0658141036401503e-13,8.415442143463219e-14,3653
K222303001,GR6J_NSE,cal,4.622617575268569e-15,5.684341886080802e-14,5.3726146443026716e-14,3653
K225401001,GR6J_NSE,cal,7.0406694811612334e-15,1.0658141036401503e-13,1.0167436503650174e-13,3653
K337301001,GR6J_NSE,cal,3.2611353404083787e-15,2.886579864025407e-14,5.3091135660490165e-14,3653
K633252001,GR6J_NSE,cal,3.812705593301184e-15,2.3092638912203256e-14,3.4167453764094364e-14,3653
L091402001,GR6J_NSE,cal,4.390813932864922e-15,7.638334409421077e-14,7.816892625075796e-14,3653
L441171001,GR6J_NSE,cal,3.952347481151991e-15,4.618527782440651e-14,5.73244894482054e-14,3653
L465301001,GR6J_NSE,cal,3.0938800288266026e-15,3.9968028886505635e-14,6.820273967309305e-14,3653
L503401001,GR6J_NSE,cal,5.62187385668707e-15,6.039613253960852e-14,5.264879492534927e-14,3653
M011491010,GR6J_NSE,cal,2.7689115732128218e-15,2.4424906541753444e-14,2.8382719561785957e-14,3653
M530001010,GR6J_NSE,cal,5.14383502596187e-15,1.865174681370263e-14,2.866099205698175e-14,3653
O038401001,GR6J_NSE,cal,8.891338711886627e-16,2.7977620220553945e-14,1.0464462558458326e-14,3653
O062401001,GR6J_NSE,cal,2.823814525562234e-15,6.394884621840902e-14,8.615586298088503e-14,3653
O158461001,GR6J_NSE,cal,4.1372496669843125e-15,1.2256862191861728e-13,1.5390395014163854e-13,3653
O528431002,GR6J_NSE,cal,2.8862657251786114e-15,4.440892098500626e-14,5.497951458679551e-14,3653
O726501001,GR6J_NSE,cal,5.6433955297611765e-15,7.993605777301127e-14,7.753924525193131e-14,3653
O794402002,GR6J_NSE,cal,3.013929879171373e-15,7.72715225139109e-14,1.1053996830988453e-13,3653
P088501001,GR6J_NSE,cal,6.270034870193933e-16,1.7763568394002505e-14,7.757122182898105e-15,3653
P367401001,GR6J_NSE,cal,9.482226847221862e-16,3.197442310920451e-14,1.7578364023291945e-14,3653
P392252001,GR6J_NSE,cal,4.599282487782484e-15,1.6697754290362354e-13,8.7090534595357e-14,3653
P613402001,GR6J_NSE,cal,3.2597175223129517e-15,4.618527782440651e-14,3.606582848847521e-14,3653
P638251001,GR6J_NSE,cal,3.411605551947151e-15,3.2862601528904634e-14,3.8515624953914356e-14,3653
P821501001,GR6J_NSE,cal,4.257310365886624e-15,3.197442310920451e-14,4.7149905085640473e-14,3653
Q022402001,GR6J_NSE,cal,5.077890758398597e-15,6.750155989720952e-14,4.6952792193758665e-14,3653
Q055401001,GR6J_NSE,cal,4.413752620513161e-15,1.2967404927621828e-13,1.326695267419792e-13,3653
U012401001,GR6J_NSE,cal,3.789664979330299e-15,6.394884621840902e-14,4.483664668944054e-14,3653
U041501001,GR6J_NSE,cal,8.684909148613145e-16,2.1316282072803006e-14,6.809696332479527e-15,3653
U044431001,GR6J_NSE,cal,1.4333944880865966e-15,3.108624468950438e-14,1.5345544946152127e-14,3653
U047401001,GR6J_NSE,cal,3.2098153342510143e-15,6.483702463810914e-14,3.519877175135571e-14,3653
U063501001,GR6J_NSE,cal,3.715794084443806e-15,4.440892098500626e-14,5.018877966833095e-14,3653
U303401001,GR6J_NSE,cal,4.197569891495442e-15,2.7977620220553945e-14,4.74654318310208e-14,3653
U342401001,GR6J_NSE,cal,2.9491640490966166e-15,5.684341886080802e-14,4.5316704827403996e-14,3653
U452521001,GR6J_NSE,cal,8.540980834315226e-15,7.105427357601002e-14,1.138127151340115e-13,3653
U463501001,GR6J_NSE,cal,2.3967560342847405e-15,7.460698725481052e-14,2.0682413725392875e-13,3653
V125501001,GR6J_NSE,cal,4.619905410582879e-15,9.059419880941277e-14,4.1788329389016256e-14,3653
V301501001,GR6J_NSE,cal,4.50797786488452e-15,9.592326932761353e-14,1.7451569708655617e-13,3653
V445501001,GR6J_NSE,cal,5.404967590241209e-15,9.947598300641403e-14,1.3005546686087807e-13,3653
V504661001,GR6J_NSE,cal,7.357774339919411e-16,4.263256414560601e-14,1.8767718262872355e-14,3653
V713501001,GR6J_NSE,cal,1.06472761050113e-15,8.171241461241152e-14,4.0032127306035833e-14,3653
Y028406001,GR6J_NSE,cal,5.912806953033757e-15,2.5224267119483557e-13,3.3917709122080583e-13,3653
Y062402001,GR6J_NSE,cal,1.047429138346397e-15,2.220446049250313e-14,1.955411113922598e-14,3653
Y152401001,GR6J_NSE,cal,6.821737538688703e-15,2.007283228522283e-13,2.6981453470103405e-13,3653
Y503201001,GR6J_NSE,cal,7.447887834363624e-15,4.218847493575595e-14,1.0933878566506571e-13,3653
Y510661001,GR6J_NSE,cal,4.099324820386813e-15,4.707345624410664e-14,1.5190862833465514e-13,3653
Y523501001,GR6J_NSE,cal,1.1481083676170146e-14,1.0302869668521453e-13,2.6972938947633926e-13,3653
Y531201001,GR6J_NSE,cal,5.675254430123781e-15,7.993605777301127e-14,1.8886987111448708e-13,3653
Y561501001,GR6J_NSE,cal,1.1543395180459716e-15,3.552713678800501e-14,2.7817315037753197e-14,3653
Y643401001,GR6J_NSE,cal,3.621481550778581e-15,1.0658141036401503e-13,9.938752485102998e-14,3653
A433301001,GR6J_NSE,val,3.5357100324256676e-15,5.3290705182007514e-14,3.070406096799474e-14,3652
A543101001,GR6J_NSE,val,1.865562703305069e-15,3.2862601528904634e-14,4.367572434845511e-14,3652
A673122001,GR6J_NSE,val,1.5487479491986283e-15,1.865174681370263e-14,2.141942029144587e-14,3652
A843101001,GR6J_NSE,val,3.4595123546581827e-15,3.1530333899354446e-14,4.8284014264738173e-14,3652
A983201001,GR6J_NSE,val,2.2816902609627946e-15,2.842170943040401e-14,3.661978924233027e-14,3652
B134001001,GR6J_NSE,val,2.714224623451642e-15,4.707345624410664e-14,5.728625406549196e-14,3652
B413201001,GR6J_NSE,val,2.5490905581646966e-15,2.531308496145357e-14,2.9746444063835586e-14,3652
B422431001,GR6J_NSE,val,2.3356830795114048e-15,2.3092638912203256e-14,1.9389234262586548e-14,3652
B460101001,GR6J_NSE,val,2.585397418013745e-15,2.842170943040401e-14,2.86968156838522e-14,3652
B463101001,GR6J_NSE,val,3.797200023673419e-15,2.531308496145357e-14,2.5828648093088454e-14,3652
B532201001,GR6J_NSE,val,2.0621556800760844e-15,4.796163466380676e-14,3.3817291109675474e-14,3652
D020601001,GR6J_NSE,val,3.2760514051633745e-15,2.4868995751603507e-14,2.5506085031915045e-14,3652
E403571001,GR6J_NSE,val,7.487974765783745e-15,8.37108160567368e-14,7.404177338985003e-14,3652
E540651001,GR6J_NSE,val,3.0473110200508516e-14,1.8207657603852567e-13,1.619734908964191e-13,3652
F453000101,GR6J_NSE,val,1.6017240487243342e-14,8.376632720796806e-14,2.0680451671948975e-13,3652
H232201001,GR6J_NSE,val,2.4556271748327494e-15,3.730349362740526e-14,4.9632856619463454e-14,3652
H248201001,GR6J_NSE,val,2.2550054554027766e-15,2.1316282072803006e-14,2.6062608602115282e-14,3652
H413041010,GR6J_NSE,val,8.955349262575034e-15,5.595524044110789e-14,1.563157993760777e-13,3652
H438021010,GR6J_NSE,val,6.789944167781785e-15,2.1094237467877974e-14,5.5973541868459855e-14,3652
H514262001,GR6J_NSE,val,1.717517123905816e-15,1.7763568394002505e-14,2.0400439429422685e-14,3652
H602021010,GR6J_NSE,val,2.69957441826483e-15,2.842170943040401e-14,3.434118699995375e-14,3652
H611061010,GR6J_NSE,val,2.922045512781607e-14,1.865174681370263e-13,2.9633384339195374e-13,3652
H622101001,GR6J_NSE,val,2.8486971254603106e-15,1.7541523789077473e-14,2.1090913798036353e-14,3652
H642301001,GR6J_NSE,val,7.752341955464605e-15,2.398081733190338e-14,5.005917566775199e-14,3652
I200101001,GR6J_NSE,val,3.069761111398711e-15,1.63202784619898e-14,3.7025205124742657e-14,3652
I202101001,GR6J_NSE,val,8.355730625115973e-15,3.8191672047105385e-14,8.523048792746965e-14,3652
I346301001,GR6J_NSE,val,4.322968031073417e-15,5.773159728050814e-14,5.615452383015822e-14,3652
I403201001,GR6J_NSE,val,3.1967374509699e-15,2.930988785010413e-14,3.420576204837342e-14,3652
I505301001,GR6J_NSE,val,8.092148186246338e-16,2.1316282072803006e-14,1.6182437228668654e-14,3652
I532151001,GR6J_NSE,val,2.722717691044929e-15,2.0872192862952943e-14,2.90132724956029e-14,3652
I722202001,GR6J_NSE,val,9.740139692665178e-16,2.4868995751603507e-14,1.6360890223676628e-14,3652
I903101001,GR6J_NSE,val,3.1221749919641093e-15,3.2862601528904634e-14,3.597158707017501e-14,3652
J032301001,GR6J_NSE,val,7.31421333956048e-15,1.176836406102666e-13,1.6500928597075682e-13,3652
J110301001,GR6J_NSE,val,2.2733738892364168e-15,1.9539925233402755e-14,2.949784410897527e-14,3652
J132401001,GR6J_NSE,val,1.91566257728675e-15,2.398081733190338e-14,3.596099535669125e-14,3652
J151301001,GR6J_NSE,val,3.9673014104504066e-15,2.842170943040401e-14,2.811464063428272e-14,3652
J172172001,GR6J_NSE,val,6.034072578797578e-15,6.572520305780927e-14,6.457820526980023e-14,3652
J181301001,GR6J_NSE,val,8.842356132364234e-15,7.904787935331115e-14,1.2598228125686666e-13,3652
J221311001,GR6J_NSE,val,2.551272181738443e-15,5.1514348342607263e-14,3.476435612629313e-14,3652
J223301001,GR6J_NSE,val,3.929329171099453e-15,4.973799150320701e-14,3.543490443300268e-14,3652
J251401001,GR6J_NSE,val,5.299042372698897e-15,4.440892098500626e-14,4.5276341326227634e-14,3652
J261401002,GR6J_NSE,val,3.387425796314825e-15,4.39648317751562e-14,3.15578176542763e-14,3652
J320571001,GR6J_NSE,val,3.4926406595046054e-15,7.105427357601002e-14,4.578744036016873e-14,3652
J421191001,GR6J_NSE,val,2.203181648326349e-15,5.1514348342607263e-14,2.7420373996915605e-14,3652
J471201002,GR6J_NSE,val,3.0232037723252196e-15,4.440892098500626e-14,2.900332634126672e-14,3652
J570481001,GR6J_NSE,val,2.8657081273852997e-15,4.796163466380676e-14,3.11846519702808e-14,3652
J813301001,GR6J_NSE,val,4.051277319890545e-15,4.440892098500626e-14,4.736530265759352e-14,3652
K066331001,GR6J_NSE,val,5.00507203476624e-15,1.1191048088221578e-13,1.487859223437341e-13,3652
K075321001,GR6J_NSE,val,5.435172461963234e-15,5.3290705182007514e-14,5.046011600845862e-14,3652
K125181001,GR6J_NSE,val,5.40632989289838e-15,1.3322676295501878e-13,1.915592043400666e-13,3652
K152401001,GR6J_NSE,val,3.153438373905181e-15,8.393286066166183e-14,6.608131591452816e-14,3652
K175311001,GR6J_NSE,val,1.303283764721869e-15,2.6645352591003757e-14,2.4019809843626634e-14,3652
K222302001,GR6J_NSE,val,5.665848660142503e-15,4.707345624410664e-14,4.0651627193965397e-14,3652
K222303001,GR6J_NSE,val,5.225129909837097e-15,3.2862601528904634e-14,3.297415925995188e-14,3652
K225401001,GR6J_NSE,val,8.109560039677771e-15,5.0182080713057076e-14,5.145717086186698e-14,3652
K337301001,GR6J_NSE,val,3.947259308365741e-15,3.863576125695545e-14,7.951444783690337e-14,3652
K633252001,GR6J_NSE,val,3.6842100823936856e-15,2.220446049250313e-14,3.557760105464422e-14,3652
L091402001,GR6J_NSE,val,4.566272381224387e-15,4.440892098500626e-14,5.2620192261920947e-14,3652
L441171001,GR6J_NSE,val,4.0700926657034755e-15,5.3290705182007514e-14,7.564504953287145e-14,3652
L465301001,GR6J_NSE,val,2.6067225840221022e-15,3.197442310920451e-14,5.95194894784131e-14,3652
L503401001,GR6J_NSE,val,5.888026938996898e-15,6.927791673660977e-14,6.936960079947416e-14,3652
M011491010,GR6J_NSE,val,3.137418228515056e-15,3.019806626980426e-14,4.116436257008232e-14,3652
M530001010,GR6J_NSE,val,5.807274525471727e-15,2.6423307986078726e-14,4.331135525682435e-14,3652
O038401001,GR6J_NSE,val,7.288461167537485e-16,3.552713678800501e-14,1.2135339068348825e-14,3652
O062401001,GR6J_NSE,val,2.4895677676152407e-15,6.394884621840902e-14,7.984455326325909e-14,3652
O158461001,GR6J_NSE,val,3.7621012532770015e-15,1.0302869668521453e-13,1.2423799530104174e-13,3652
O528431002,GR6J_NSE,val,3.062102219261229e-15,4.618527782440651e-14,5.898965384700495e-14,3652
O726501001,GR6J_NSE,val,6.9134499994765825e-15,4.3076653355456074e-14,4.5426235671994366e-14,3652
O794402002,GR6J_NSE,val,3.370269604273829e-15,5.5067062021407764e-14,9.646458591607934e-14,3652
P088501001,GR6J_NSE,val,5.961435786343753e-16,1.5987211554602254e-14,7.299180246873871e-15,3652
P367401001,GR6J_NSE,val,9.369032303565175e-16,2.842170943040401e-14,1.69462991707171e-14,3652
P392252001,GR6J_NSE,val,3.9840970535520166e-15,7.105427357601002e-14,3.9664617796280754e-14,3652
P613402001,GR6J_NSE,val,2.7674163232015385e-15,5.861977570020827e-14,4.7587964173359457e-14,3652
P638251001,GR6J_NSE,val,3.038165889069005e-15,2.5757174171303632e-14,3.267647809672809e-14,3652
P821501001,GR6J_NSE,val,3.7125072907972005e-15,2.4868995751603507e-14,3.769431758185172e-14,3652
Q022402001,GR6J_NSE,val,4.412465598371343e-15,8.970602038971265e-14,5.76466084913042e-14,3652
Q055401001,GR6J_NSE,val,3.32533036531297e-15,1.5631940186722204e-13,1.3945726751189733e-13,3652
U012401001,GR6J_NSE,val,4.236139630507968e-15,6.394884621840902e-14,5.142044532551742e-14,3652
U041501001,GR6J_NSE,val,9.753722471230475e-16,2.842170943040401e-14,1.0075462351657644e-14,3652
U044431001,GR6J_NSE,val,1.3669297485111968e-15,2.842170943040401e-14,1.6000018598271077e-14,3652
U047401001,GR6J_NSE,val,3.2747257722783666e-15,5.773159728050814e-14,3.469649087804692e-14,3652
U063501001,GR6J_NSE,val,3.2724524464126686e-15,4.618527782440651e-14,4.814069130205337e-14,3652
U303401001,GR6J_NSE,val,4.033096781938062e-15,3.8191672047105385e-14,5.723986291628213e-14,3652
U342401001,GR6J_NSE,val,3.221690845254695e-15,5.3290705182007514e-14,4.2637290049165204e-14,3652
U452521001,GR6J_NSE,val,9.332872117464207e-15,3.9968028886505635e-14,6.861679720841337e-14,3652
U463501001,GR6J_NSE,val,3.613209938739359e-15,3.552713678800501e-14,1.2007261118951229e-13,3652
V125501001,GR6J_NSE,val,4.726193080589504e-15,1.0302869668521453e-13,4.5794501718579113e-14,3652
V301501001,GR6J_NSE,val,6.7226737430659325e-15,7.549516567451064e-14,1.5521896343885522e-13,3652
V445501001,GR6J_NSE,val,5.940274913726116e-15,7.283063041541027e-14,9.164356963436392e-14,3652
V504661001,GR6J_NSE,val,7.24677456649943e-16,3.197442310920451e-14,1.3024910926980039e-14,3652
V713501001,GR6J_NSE,val,9.77162618076525e-16,7.105427357601002e-14,3.181955722368538e-14,3652
Y028406001,GR6J_NSE,val,5.322282839906246e-15,3.055333763768431e-13,4.1261331531449545e-13,3652
Y062402001,GR6J_NSE,val,8.916297834984568e-16,3.552713678800501e-14,3.31125103129646e-14,3652
Y152401001,GR6J_NSE,val,1.090794985888015e-14,1.723066134218243e-13,3.3268293985129546e-13,3652
Y503201001,GR6J_NSE,val,6.484127508075051e-15,5.861977570020827e-14,1.0136085625696166e-13,3652
Y510661001,GR6J_NSE,val,2.255463981300949e-15,6.394884621840902e-14,9.430613130344365e-14,3652
Y523501001,GR6J_NSE,val,9.349388918044436e-15,2.0250467969162855e-13,3.4213408979283037e-13,3652
Y531201001,GR6J_NSE,val,4.493852816152184e-15,1.3145040611561853e-13,1.9506372791838618e-13,3652
Y561501001,GR6J_NSE,val,7.230160567936183e-16,3.019806626980426e-14,1.863271565822654e-14,3652
Y643401001,GR6J_NSE,val,2.5045347167385946e-15,6.750155989720952e-14,5.027896713525686e-14,3652
A433301001,CemaNeigeGR4J_NSE,cal,4.5249275259543714e-15,7.194245199571014e-14,3.674113852020104e-14,3653
A543101001,CemaNeigeGR4J_NSE,cal,2.493025680797079e-15,1.2079226507921703e-13,1.3399139077365324e-13,3653
A673122001,CemaNeigeGR4J_NSE,cal,4.0519418539513575e-15,4.618527782440651e-14,5.388579710067772e-14,3653
A843101001,CemaNeigeGR4J_NSE,cal,4.437576436591212e-15,4.085620730620576e-14,4.8778368892993844e-14,3653
A983201001,CemaNeigeGR4J_NSE,cal,2.842358051945148e-15,2.5757174171303632e-14,2.948989458163152e-14,3653
B134001001,CemaNeigeGR4J_NSE,cal,2.8563966194427158e-15,3.8191672047105385e-14,4.1989276922293576e-14,3653
B413201001,CemaNeigeGR4J_NSE,cal,3.9965872122391906e-15,5.3290705182007514e-14,5.766073401761835e-14,3653
B422431001,CemaNeigeGR4J_NSE,cal,2.5273972099640305e-14,2.2160051571518125e-13,1.8195855748893409e-13,3653
B460101001,CemaNeigeGR4J_NSE,cal,5.402663449369985e-15,5.595524044110789e-14,5.246917331731224e-14,3653
B463101001,CemaNeigeGR4J_NSE,cal,8.796579297688183e-15,9.059419880941277e-14,8.197353059659967e-14,3653
B532201001,CemaNeigeGR4J_NSE,cal,3.5175228567585393e-15,6.750155989720952e-14,4.179312402934354e-14,3653
D020601001,CemaNeigeGR4J_NSE,cal,7.126179224247646e-15,7.105427357601002e-14,6.362488079192811e-14,3653
E403571001,CemaNeigeGR4J_NSE,cal,1.1108671443713292e-14,1.616484723854228e-13,1.253067654709043e-13,3653
E540651001,CemaNeigeGR4J_NSE,cal,3.254683603757006e-14,2.1938006966593093e-13,1.6772535760307672e-13,3653
F453000101,CemaNeigeGR4J_NSE,cal,1.6479068194565825e-13,2.070565940925917e-13,5.058604701688246e-13,3653
H232201001,CemaNeigeGR4J_NSE,cal,4.428264706038435e-15,7.194245199571014e-14,9.90505757929693e-14,3653
H248201001,CemaNeigeGR4J_NSE,cal,4.3736044687289265e-15,2.842170943040401e-14,3.755648126311072e-14,3653
H413041010,CemaNeigeGR4J_NSE,cal,2.6920045759704415e-14,9.059419880941277e-14,3.0891790091922163e-13,3653
H438021010,CemaNeigeGR4J_NSE,cal,1.160617141426538e-13,1.6708856520608606e-13,4.3445710111916264e-13,3653
H514262001,CemaNeigeGR4J_NSE,cal,3.0348677008143466e-15,3.552713678800501e-14,3.502975986798588e-14,3653
H602021010,CemaNeigeGR4J_NSE,cal,5.980712029620414e-15,4.75175454539567e-14,6.207842319561515e-14,3653
H611061010,CemaNeigeGR4J_NSE,cal,3.504897660889309e-14,1.1812772982011666e-13,1.6736653401517531e-13,3653
H622101001,CemaNeigeGR4J_NSE,cal,4.359007009623806e-15,3.9968028886505635e-14,4.270296945961104e-14,3653
H642301001,CemaNeigeGR4J_NSE,cal,2.0669755875260582e-14,7.616129948928574e-14,1.8487655389397196e-13,3653
I200101001,CemaNeigeGR4J_NSE,cal,6.939259623177417e-15,7.549516567451064e-14,1.6241428706896747e-13,3653
I202101001,CemaNeigeGR4J_NSE,cal,1.4411643564708556e-14,5.3290705182007514e-14,1.0694220320868973e-13,3653
I346301001,CemaNeigeGR4J_NSE,cal,4.6601475829572686e-15,4.796163466380676e-14,4.071655054713392e-14,3653
I403201001,CemaNeigeGR4J_NSE,cal,4.7018947066805896e-15,3.8191672047105385e-14,4.517604076243941e-14,3653
I505301001,CemaNeigeGR4J_NSE,cal,1.939546889984915e-15,4.1300296516055823e-14,2.9474442237586996e-14,3653
I532151001,CemaNeigeGR4J_NSE,cal,4.427848988846478e-15,3.8191672047105385e-14,5.446671638474735e-14,3653
I722202001,CemaNeigeGR4J_NSE,cal,2.0928510956029878e-15,3.907985046680551e-14,2.4867534393408652e-14,3653
I903101001,CemaNeigeGR4J_NSE,cal,4.6651244759046826e-15,5.1514348342607263e-14,4.432247371122327e-14,3653
J032301001,CemaNeigeGR4J_NSE,cal,5.417161630222916e-15,3.375077994860476e-14,4.381586019716906e-14,3653
J110301001,CemaNeigeGR4J_NSE,cal,4.884128095166729e-15,3.175237850427948e-14,4.052308712032582e-14,3653
J132401001,CemaNeigeGR4J_NSE,cal,4.3523746172703095e-15,3.108624468950438e-14,4.1447308537927774e-14,3653
J151301001,CemaNeigeGR4J_NSE,cal,8.543862296829776e-15,6.661338147750939e-14,5.834609645741607e-14,3653
J172172001,CemaNeigeGR4J_NSE,cal,6.6895286395498364e-15,6.616929226765933e-14,5.5928252694258964e-14,3653
J181301001,CemaNeigeGR4J_NSE,cal,8.472547851511758e-15,5.1514348342607263e-14,6.885477140263949e-14,3653
J221311001,CemaNeigeGR4J_NSE,cal,5.633921044517261e-15,7.993605777301127e-14,4.637729403732832e-14,3653
J223301001,CemaNeigeGR4J_NSE,cal,5.432994246618191e-15,6.217248937900877e-14,3.863087858256264e-14,3653
J251401001,CemaNeigeGR4J_NSE,cal,8.653637059985666e-15,6.794564910705958e-14,6.015435614274761e-14,3653
J261401002,CemaNeigeGR4J_NSE,cal,5.524629001283616e-15,7.194245199571014e-14,4.5503351657936884e-14,3653
J320571001,CemaNeigeGR4J_NSE,cal,4.665063072635004e-15,9.592326932761353e-14,5.625877953607519e-14,3653
J421191001,CemaNeigeGR4J_NSE,cal,3.4554649015299948e-15,5.3290705182007514e-14,2.823597714037766e-14,3653
J471201002,CemaNeigeGR4J_NSE,cal,3.80383796260129e-15,7.105427357601002e-14,4.018434381747073e-14,3653
J570481001,CemaNeigeGR4J_NSE,cal,4.692781800293447e-15,6.394884621840902e-14,3.82642948234788e-14,3653
J813301001,CemaNeigeGR4J_NSE,cal,6.818150127682792e-15,6.794564910705958e-14,6.316296868059327e-14,3653
K066331001,CemaNeigeGR4J_NSE,cal,3.134954839367653e-15,8.526512829121202e-14,9.333762453423481e-14,3653
K075321001,CemaNeigeGR4J_NSE,cal,4.4793054589000895e-15,4.618527782440651e-14,3.7617978042278735e-14,3653
K125181001,CemaNeigeGR4J_NSE,cal,3.887031169623775e-15,5.3290705182007514e-14,7.452877080380976e-14,3653
K152401001,CemaNeigeGR4J_NSE,cal,3.2994796956376357e-15,4.263256414560601e-14,3.086298245118004e-14,3653
K175311001,CemaNeigeGR4J_NSE,cal,2.378481786145875e-15,3.730349362740526e-14,3.637846116109009e-14,3653
K222302001,CemaNeigeGR4J_NSE,cal,5.7096261526223065e-15,6.394884621840902e-14,4.906625025385091e-14,3653
K222303001,CemaNeigeGR4J_NSE,cal,6.084624007937707e-15,3.907985046680551e-14,3.692457303013455e-14,3653
K225401001,CemaNeigeGR4J_NSE,cal,6.472600597596805e-15,8.970602038971265e-14,8.594265044544133e-14,3653
K337301001,CemaNeigeGR4J_NSE,cal,3.839236397783347e-15,2.4868995751603507e-14,4.031086915526839e-14,3653
K633252001,CemaNeigeGR4J_NSE,cal,5.599641245122917e-15,3.552713678800501e-14,5.76081379003923e-14,3653
L091402001,CemaNeigeGR4J_NSE,cal,4.4631566682272256e-15,7.016609515630989e-14,6.826331365917752e-14,3653
L441171001,CemaNeigeGR4J_NSE,cal,4.313231707765068e-15,4.618527782440651e-14,5.56840004716723e-14,3653
L465301001,CemaNeigeGR4J_NSE,cal,2.967755073464513e-15,3.4638958368304884e-14,5.502001325581788e-14,3653
L503401001,CemaNeigeGR4J_NSE,cal,8.245602079836443e-15,7.460698725481052e-14,6.472555970281688e-14,3653
M011491010,CemaNeigeGR4J_NSE,cal,4.852018947631544e-15,3.597122599785507e-14,3.9419996081053954e-14,3653
M530001010,CemaNeigeGR4J_NSE,cal,8.271225249482027e-15,2.6645352591003757e-14,4.3126296899580455e-14,3653
O038401001,CemaNeigeGR4J_NSE,cal,2.558803640748659e-15,6.039613253960852e-14,2.1846000766301484e-14,3653
O062401001,CemaNeigeGR4J_NSE,cal,2.285450505919632e-15,5.684341886080802e-14,7.030521574406116e-14,3653
O158461001,CemaNeigeGR4J_NSE,cal,3.2050513317158317e-15,7.283063041541027e-14,7.757741350154078e-14,3653
O528431002,CemaNeigeGR4J_NSE,cal,3.389375871597484e-15,6.750155989720952e-14,8.432112294896577e-14,3653
O726501001,CemaNeigeGR4J_NSE,cal,8.797050181125331e-15,7.815970093361102e-14,7.602181007196815e-14,3653
O794402002,CemaNeigeGR4J_NSE,cal,2.9140968165312287e-15,5.1514348342607263e-14,6.152579342956436e-14,3653
P088501001,CemaNeigeGR4J_NSE,cal,1.8205001260851546e-15,5.1514348342607263e-14,2.1845434106098164e-14,3653
P367401001,CemaNeigeGR4J_NSE,cal,4.431361880891222e-15,1.0302869668521453e-13,5.151867750113349e-14,3653
P392252001,CemaNeigeGR4J_NSE,cal,4.9232096709957624e-15,1.1368683772161603e-13,5.868081466274425e-14,3653
P613402001,CemaNeigeGR4J_NSE,cal,6.03905161812856e-15,8.348877145181177e-14,6.626857456368439e-14,3653
P638251001,CemaNeigeGR4J_NSE,cal,5.598607396489409e-15,7.283063041541027e-14,8.488945508884532e-14,3653
P821501001,CemaNeigeGR4J_NSE,cal,7.91253779277872e-15,6.306066779870889e-14,9.538992914957602e-14,3653
Q022402001,CemaNeigeGR4J_NSE,cal,2.2484184075757882e-14,2.0339285811132868e-13,1.4619508119098781e-13,3653
Q055401001,CemaNeigeGR4J_NSE,cal,3.801184931391975e-15,7.460698725481052e-14,6.966373585084372e-14,3653
U012401001,CemaNeigeGR4J_NSE,cal,4.2670850327290144e-15,5.684341886080802e-14,4.09655842956683e-14,3653
U041501001,CemaNeigeGR4J_NSE,cal,2.450730997985042e-15,1.2434497875801753e-13,3.986591468826297e-14,3653
U044431001,CemaNeigeGR4J_NSE,cal,2.4694926015396527e-15,5.684341886080802e-14,2.7585979337549227e-14,3653
U047401001,CemaNeigeGR4J_NSE,cal,3.1848327284849923e-15,5.1514348342607263e-14,2.8402826356290517e-14,3653
U063501001,CemaNeigeGR4J_NSE,cal,3.4512729672542714e-15,4.440892098500626e-14,4.807330795149773e-14,3653
U303401001,CemaNeigeGR4J_NSE,cal,4.705982469041646e-15,3.68594044175552e-14,5.540882796507118e-14,3653
U342401001,CemaNeigeGR4J_NSE,cal,2.7665187120559802e-15,5.3290705182007514e-14,4.1728206284043244e-14,3653
U452521001,CemaNeigeGR4J_NSE,cal,1.1915706958678874e-14,1.2256862191861728e-13,2.1436858178192572e-13,3653
U463501001,CemaNeigeGR4J_NSE,cal,3.505976979888703e-15,8.526512829121202e-14,1.3869383025488418e-13,3653
V125501001,CemaNeigeGR4J_NSE,cal,4.633383486675001e-15,1.0480505352461478e-13,4.9122247195287436e-14,3653
V301501001,CemaNeigeGR4J_NSE,cal,4.0061922530753515e-15,8.526512829121202e-14,1.445765764640456e-13,3653
V445501001,CemaNeigeGR4J_NSE,cal,4.725987402954814e-15,9.237055564881302e-14,1.1760671852848926e-13,3653
V504661001,CemaNeigeGR4J_NSE,cal,1.7206987173473213e-15,1.1013412404281553e-13,4.532816603356122e-14,3653
V713501001,CemaNeigeGR4J_NSE,cal,1.799468410694916e-15,2.1671553440683056e-13,1.1009715919485713e-13,3653
Y028406001,CemaNeigeGR4J_NSE,cal,4.819125446530031e-15,1.7408297026122455e-13,2.51467693820268e-13,3653
Y062402001,CemaNeigeGR4J_NSE,cal,5.663684273133782e-15,2.2737367544323206e-13,2.0552806541020835e-13,3653
Y152401001,CemaNeigeGR4J_NSE,cal,1.883253727795561e-14,4.689582056016661e-13,6.511449811662331e-13,3653
Y503201001,CemaNeigeGR4J_NSE,cal,1.882585612574133e-14,1.545430450278218e-13,4.301692445913641e-13,3653
Y510661001,CemaNeigeGR4J_NSE,cal,1.4274398752491753e-14,2.255973186038318e-13,5.907302510563068e-13,3653
Y523501001,CemaNeigeGR4J_NSE,cal,1.73820971933733e-14,1.1812772982011666e-13,3.318664253031123e-13,3653
Y531201001,CemaNeigeGR4J_NSE,cal,8.193350534173286e-15,9.592326932761353e-14,2.6373199476042264e-13,3653
Y561501001,CemaNeigeGR4J_NSE,cal,2.2775038589963858e-14,3.872457909892546e-13,2.895664215096832e-13,3653
Y643401001,CemaNeigeGR4J_NSE,cal,1.6301519337862854e-14,3.232969447708456e-13,3.19837978382799e-13,3653
A433301001,CemaNeigeGR4J_NSE,val,4.5426230740716455e-15,7.283063041541027e-14,4.2042627527106365e-14,3652
A543101001,CemaNeigeGR4J_NSE,val,2.2647620976823264e-15,6.750155989720952e-14,8.454693590445525e-14,3652
A673122001,CemaNeigeGR4J_NSE,val,4.108079187852074e-15,4.39648317751562e-14,5.95619818459837e-14,3652
A843101001,CemaNeigeGR4J_NSE,val,5.2029434574061546e-15,3.9968028886505635e-14,5.943421827288528e-14,3652
A983201001,CemaNeigeGR4J_NSE,val,2.9799940978551884e-15,4.263256414560601e-14,5.188928754474804e-14,3652
B134001001,CemaNeigeGR4J_NSE,val,2.911091001156269e-15,4.263256414560601e-14,5.18689831591112e-14,3652
B413201001,CemaNeigeGR4J_NSE,val,3.4987131255976574e-15,5.1958437552457326e-14,6.043464114462133e-14,3652
B422431001,CemaNeigeGR4J_NSE,val,3.0203966562124755e-14,2.304822999121825e-13,2.1980388665829597e-13,3652
B460101001,CemaNeigeGR4J_NSE,val,5.830299279273866e-15,4.1744385725905886e-14,4.7606565423789854e-14,3652
B463101001,CemaNeigeGR4J_NSE,val,1.100705191975098e-14,8.570921750106208e-14,9.811037583483289e-14,3652
B532201001,CemaNeigeGR4J_NSE,val,4.1994390024036115e-15,7.993605777301127e-14,5.725344401303827e-14,3652
D020601001,CemaNeigeGR4J_NSE,val,8.713521420967838e-15,7.016609515630989e-14,8.04193957340409e-14,3652
E403571001,CemaNeigeGR4J_NSE,val,9.538086472811985e-15,1.5187850976872141e-13,1.3178592478098932e-13,3652
E540651001,CemaNeigeGR4J_NSE,val,3.9877189776910077e-14,2.0339285811132868e-13,1.868940956136478e-13,3652
F453000101,CemaNeigeGR4J_NSE,val,1.8653505308311184e-13,2.504663143554353e-13,6.55169417177119e-13,3652
H232201001,CemaNeigeGR4J_NSE,val,3.7360319256210755e-15,4.529709940470639e-14,5.857130133076352e-14,3652
H248201001,CemaNeigeGR4J_NSE,val,3.979478469997561e-15,3.8191672047105385e-14,4.6711232003951205e-14,3652
H413041010,CemaNeigeGR4J_NSE,val,2.54933625540896e-14,1.1812772982011666e-13,3.848526227701688e-13,3652
H438021010,CemaNeigeGR4J_NSE,val,1.3823877332853983e-13,2.0883295093199195e-13,5.970038270498933e-13,3652
H514262001,CemaNeigeGR4J_NSE,val,3.2195950136828632e-15,2.042810365310288e-14,2.40756691159052e-14,3652
H602021010,CemaNeigeGR4J_NSE,val,6.2736176997587845e-15,5.861977570020827e-14,8.152239847362169e-14,3652
H611061010,CemaNeigeGR4J_NSE,val,3.870948381863752e-14,1.3211653993039363e-13,2.1693867378159484e-13,3652
H622101001,CemaNeigeGR4J_NSE,val,4.830188554728706e-15,4.574118861455645e-14,5.6521524388710484e-14,3652
H642301001,CemaNeigeGR4J_NSE,val,2.034743452121466e-14,7.593925488436071e-14,1.7244073999772375e-13,3652
I200101001,CemaNeigeGR4J_NSE,val,6.4066396680742694e-15,3.907985046680551e-14,9.037716958428437e-14,3652
I202101001,CemaNeigeGR4J_NSE,val,1.6079429702664417e-14,6.217248937900877e-14,1.4448832934448043e-13,3652
I346301001,CemaNeigeGR4J_NSE,val,5.3615717430263676e-15,6.838973831690964e-14,6.849139932774473e-14,3652
I403201001,CemaNeigeGR4J_NSE,val,4.667898815748025e-15,4.796163466380676e-14,5.833962269581078e-14,3652
I505301001,CemaNeigeGR4J_NSE,val,2.0113944597227167e-15,5.417888360170764e-14,3.913482031086964e-14,3652
I532151001,CemaNeigeGR4J_NSE,val,4.3250360876144875e-15,4.3520742565306136e-14,6.3019758237606e-14,3652
I722202001,CemaNeigeGR4J_NSE,val,1.8695622669910348e-15,4.618527782440651e-14,2.912485792479378e-14,3652
I903101001,CemaNeigeGR4J_NSE,val,5.715646052026813e-15,7.460698725481052e-14,8.266716516355516e-14,3652
J032301001,CemaNeigeGR4J_NSE,val,4.9333949572583764e-15,4.4853010194856324e-14,5.873243772375468e-14,3652
J110301001,CemaNeigeGR4J_NSE,val,5.1487896603874426e-15,4.263256414560601e-14,6.293919750076516e-14,3652
J132401001,CemaNeigeGR4J_NSE,val,4.2231275116300305e-15,3.952393967665557e-14,5.927176769125104e-14,3652
J151301001,CemaNeigeGR4J_NSE,val,8.847099029444856e-15,7.37188088351104e-14,7.641987324938558e-14,3652
J172172001,CemaNeigeGR4J_NSE,val,6.489873908788867e-15,6.394884621840902e-14,6.338992782594652e-14,3652
J181301001,CemaNeigeGR4J_NSE,val,8.843166516697127e-15,6.039613253960852e-14,9.5223580788952e-14,3652
J221311001,CemaNeigeGR4J_NSE,val,6.038250726333429e-15,8.79296635503124e-14,6.003245823288373e-14,3652
J223301001,CemaNeigeGR4J_NSE,val,5.6575249402073706e-15,8.260059303211165e-14,5.957682898307329e-14,3652
J251401001,CemaNeigeGR4J_NSE,val,9.310835097349307e-15,7.416289804496046e-14,7.472872206987374e-14,3652
J261401002,CemaNeigeGR4J_NSE,val,5.380348955581407e-15,6.750155989720952e-14,4.930467617429318e-14,3652
J320571001,CemaNeigeGR4J_NSE,val,4.388981285829762e-15,9.85878045867139e-14,6.323747842513952e-14,3652
J421191001,CemaNeigeGR4J_NSE,val,3.51859040612232e-15,1.1013412404281553e-13,5.977182775469605e-14,3652
J471201002,CemaNeigeGR4J_NSE,val,4.168842069805601e-15,8.171241461241152e-14,5.4642023540707065e-14,3652
J570481001,CemaNeigeGR4J_NSE,val,4.87919960692485e-15,5.950795411990839e-14,3.7650445658091614e-14,3652
J813301001,CemaNeigeGR4J_NSE,val,7.496936315964813e-15,7.638334409421077e-14,8.52709187019189e-14,3652
K066331001,CemaNeigeGR4J_NSE,val,4.294839042318195e-15,4.884981308350689e-14,5.953124870997106e-14,3652
K075321001,CemaNeigeGR4J_NSE,val,5.1456437090143134e-15,4.973799150320701e-14,4.6191903674309884e-14,3652
K125181001,CemaNeigeGR4J_NSE,val,3.4503233755563885e-15,4.085620730620576e-14,5.3401209969434626e-14,3652
K152401001,CemaNeigeGR4J_NSE,val,3.070514041560838e-15,3.730349362740526e-14,2.6339110649428318e-14,3652
K175311001,CemaNeigeGR4J_NSE,val,2.329890901895244e-15,3.907985046680551e-14,3.5807719821197685e-14,3652
K222302001,CemaNeigeGR4J_NSE,val,6.419536830179419e-15,4.707345624410664e-14,3.806243147609701e-14,3652
K222303001,CemaNeigeGR4J_NSE,val,6.468741821595214e-15,3.907985046680551e-14,3.8588375673683697e-14,3652
K225401001,CemaNeigeGR4J_NSE,val,6.931772543400742e-15,4.973799150320701e-14,5.036849024118418e-14,3652
K337301001,CemaNeigeGR4J_NSE,val,4.3837354269791484e-15,2.9753977059954195e-14,5.3262585641129125e-14,3652
K633252001,CemaNeigeGR4J_NSE,val,5.556122164750647e-15,4.440892098500626e-14,8.10672256866474e-14,3652
L091402001,CemaNeigeGR4J_NSE,val,4.870051876264845e-15,5.46229728115577e-14,6.076473990262978e-14,3652
L441171001,CemaNeigeGR4J_NSE,val,4.605208069198616e-15,4.884981308350689e-14,6.681833244238365e-14,3652
L465301001,CemaNeigeGR4J_NSE,val,2.579284844276897e-15,1.9539925233402755e-14,3.3950138335854505e-14,3652
L503401001,CemaNeigeGR4J_NSE,val,9.440206737039676e-15,7.37188088351104e-14,7.497620887912101e-14,3652
M011491010,CemaNeigeGR4J_NSE,val,5.274598290787345e-15,3.774758283725532e-14,4.7822373250097836e-14,3652
M530001010,CemaNeigeGR4J_NSE,val,9.001791381285432e-15,3.752553823233029e-14,6.66287253228438e-14,3652
O038401001,CemaNeigeGR4J_NSE,val,2.5428163453023586e-15,1.6342482922482304e-13,5.494297911252237e-14,3652
O062401001,CemaNeigeGR4J_NSE,val,2.515878400898645e-15,6.394884621840902e-14,7.397550075016972e-14,3652
O158461001,CemaNeigeGR4J_NSE,val,3.2995568603368756e-15,7.105427357601002e-14,7.288939694388655e-14,3652
O528431002,CemaNeigeGR4J_NSE,val,3.693432938646265e-15,5.861977570020827e-14,7.546088884724502e-14,3652
O726501001,CemaNeigeGR4J_NSE,val,1.0003268260155396e-14,8.260059303211165e-14,8.611124125187984e-14,3652
O794402002,CemaNeigeGR4J_NSE,val,3.2992214795834417e-15,4.1744385725905886e-14,5.833129689935103e-14,3652
P088501001,CemaNeigeGR4J_NSE,val,1.7319323528682528e-15,4.796163466380676e-14,2.0555516235792095e-14,3652
P367401001,CemaNeigeGR4J_NSE,val,4.216789635695969e-15,7.105427357601002e-14,3.791222146487759e-14,3652
P392252001,CemaNeigeGR4J_NSE,val,4.691066130024195e-15,8.881784197001252e-14,4.8959105034441867e-14,3652
P613402001,CemaNeigeGR4J_NSE,val,5.993190977189331e-15,1.1723955140041653e-13,9.882594412961515e-14,3652
P638251001,CemaNeigeGR4J_NSE,val,5.32881618846584e-15,4.973799150320701e-14,6.37944961382098e-14,3652
P821501001,CemaNeigeGR4J_NSE,val,8.104752248545599e-15,6.927791673660977e-14,1.1075168852040117e-13,3652
Q022402001,CemaNeigeGR4J_NSE,val,1.864530929489242e-14,1.8918200339612667e-13,1.2408667696448542e-13,3652
Q055401001,CemaNeigeGR4J_NSE,val,2.860305877041007e-15,1.4210854715202004e-13,1.1809885385836793e-13,3652
U012401001,CemaNeigeGR4J_NSE,val,4.952822430860784e-15,1.0125233984581428e-13,8.654601824152571e-14,3652
U041501001,CemaNeigeGR4J_NSE,val,2.561887766866972e-15,7.460698725481052e-14,2.6478101813698505e-14,3652
U044431001,CemaNeigeGR4J_NSE,val,2.684510642640282e-15,7.638334409421077e-14,4.176113786929674e-14,3652
U047401001,CemaNeigeGR4J_NSE,val,3.2973362260581216e-15,4.796163466380676e-14,2.956703022925603e-14,3652
U063501001,CemaNeigeGR4J_NSE,val,3.2929288117689747e-15,7.638334409421077e-14,7.725135939962845e-14,3652
U303401001,CemaNeigeGR4J_NSE,val,4.279191228811625e-15,4.440892098500626e-14,6.022597213864837e-14,3652
U342401001,CemaNeigeGR4J_NSE,val,2.8527597492236404e-15,5.684341886080802e-14,4.480452633406922e-14,3652
U452521001,CemaNeigeGR4J_NSE,val,1.4143232190768329e-14,9.769962616701378e-14,1.875659707246967e-13,3652
U463501001,CemaNeigeGR4J_NSE,val,4.831713910589124e-15,5.773159728050814e-14,1.0537158976061016e-13,3652
V125501001,CemaNeigeGR4J_NSE,val,4.330394282685867e-15,1.1013412404281553e-13,5.002787927792729e-14,3652
V301501001,CemaNeigeGR4J_NSE,val,5.3166354795933205e-15,5.861977570020827e-14,1.1012559450082054e-13,3652
V445501001,CemaNeigeGR4J_NSE,val,5.263175385002957e-15,6.394884621840902e-14,7.844228668497389e-14,3652
V504661001,CemaNeigeGR4J_NSE,val,1.7576237608361348e-15,1.6342482922482304e-13,6.346923289781798e-14,3652
V713501001,CemaNeigeGR4J_NSE,val,1.863919012356802e-15,2.4158453015843406e-13,1.1227961040428476e-13,3652
Y028406001,CemaNeigeGR4J_NSE,val,4.603097929389674e-15,2.4868995751603507e-13,3.539097732618564e-13,3652
Y062402001,CemaNeigeGR4J_NSE,val,6.3157848374849e-15,2.7000623958883807e-13,2.506401522125283e-13,3652
Y152401001,CemaNeigeGR4J_NSE,val,2.9152634478018766e-14,5.471179065352771e-13,1.08431161026306e-12,3652
Y503201001,CemaNeigeGR4J_NSE,val,1.5155351203985432e-14,4.121147867408581e-13,7.472074696662614e-13,3652
Y510661001,CemaNeigeGR4J_NSE,val,1.1804312228877665e-14,4.014566457044566e-13,6.103822754808998e-13,3652
Y523501001,CemaNeigeGR4J_NSE,val,1.3297710854749516e-14,3.090860900556436e-13,5.689747856623493e-13,3652
Y531201001,CemaNeigeGR4J_NSE,val,6.780632594643991e-15,3.019806626980426e-13,5.038464307815029e-13,3652
Y561501001,CemaNeigeGR4J_NSE,val,1.8358404667301766e-14,5.222489107836736e-13,3.056300665612887e-13,3652
Y643401001,CemaNeigeGR4J_NSE,val,1.5133676230721533e-14,5.151434834260726e-13,4.0004993587401587e-13,3652
