category,case,name,kind,n_values,max_abs,max_rel,worst
Daily models,GR4J,PotEvap,series,2191,0.0,0.0,0.0
Daily models,GR4J,Precip,series,2191,0.0,0.0,0.0
Daily models,GR4J,Prod,series,2191,5.400124791776761e-13,4.954372687492241e-15,4.954372687492241e-15
Daily models,GR4J,Pn,series,2191,7.105427357601002e-15,8.326672684688683e-16,4.674623261579606e-16
Daily models,GR4J,Ps,series,2191,5.861977570020827e-14,2.9029896563506657e-13,2.708944180085382e-14
Daily models,GR4J,AE,series,2191,2.7977620220553945e-14,2.86248838878198e-13,2.7977620220553945e-14
Daily models,GR4J,Perc,series,2191,4.6851411639181606e-14,8.28332531062662e-13,4.6851411639181606e-14
Daily models,GR4J,PR,series,2191,6.927791673660977e-14,1.404077059751118e-12,5.632944870840426e-14
Daily models,GR4J,Q9,series,2191,4.0190073491430667e-14,9.249402400505123e-13,3.497202527569243e-14
Daily models,GR4J,Q1,series,2191,3.9968028886505635e-15,9.291867010646444e-13,3.9968028886505635e-15
Daily models,GR4J,Rout,series,2191,1.4921397450962104e-13,4.487568970454268e-15,4.487568970454268e-15
Daily models,GR4J,Exch,series,2191,1.27675647831893e-15,1.495012474808892e-14,1.27675647831893e-15
Daily models,GR4J,AExch1,series,2191,1.27675647831893e-15,1.495012474808892e-14,1.27675647831893e-15
Daily models,GR4J,AExch2,series,2191,1.27675647831893e-15,1.495012474808892e-14,1.27675647831893e-15
Daily models,GR4J,AExch,series,2191,2.55351295663786e-15,1.495012474808892e-14,2.55351295663786e-15
Daily models,GR4J,QR,series,2191,4.440892098500626e-14,7.273647930986546e-14,1.7194332681799874e-14
Daily models,GR4J,QD,series,2191,4.829470157119431e-15,5.3435165361204575e-14,4.829470157119431e-15
Daily models,GR4J,Qsim,series,2191,4.973799150320701e-14,5.4743058076824e-14,1.6550616982474075e-14
Daily models,GR4J,StateEnd (62 slots),state vector,62,5.684341886080802e-14,1.8201941751951575e-14,7.269467689217596e-16
Daily models,GR5J,PotEvap,series,2191,0.0,0.0,0.0
Daily models,GR5J,Precip,series,2191,0.0,0.0,0.0
Daily models,GR5J,Prod,series,2191,4.689582056016661e-13,8.475257083423239e-15,8.475257083423239e-15
Daily models,GR5J,Pn,series,2191,7.105427357601002e-15,8.326672684688683e-16,4.674623261579606e-16
Daily models,GR5J,Ps,series,2191,6.039613253960852e-14,2.768176373373393e-13,2.5590640717609858e-14
Daily models,GR5J,AE,series,2191,2.708944180085382e-14,2.7384962481388994e-13,2.6673108166619386e-14
Daily models,GR5J,Perc,series,2191,4.596323321948148e-14,2.572617295706298e-12,4.596323321948148e-14
Daily models,GR5J,PR,series,2191,6.039613253960852e-14,2.572617295706298e-12,5.3290705182007514e-14
Daily models,GR5J,Q9,series,2191,3.019806626980426e-14,1.1771382905673553e-12,3.019806626980426e-14
Daily models,GR5J,Q1,series,2191,3.3584246494910985e-15,1.1350478705896542e-12,3.3584246494910985e-15
Daily models,GR5J,Rout,series,2191,1.9184653865522705e-13,5.163758863361174e-15,5.163758863361174e-15
Daily models,GR5J,Exch,series,2191,2.1649348980190553e-15,2.9476414023248166e-14,2.1649348980190553e-15
Daily models,GR5J,AExch1,series,2191,2.1649348980190553e-15,2.9476414023248166e-14,2.1649348980190553e-15
Daily models,GR5J,AExch2,series,2191,2.1649348980190553e-15,2.9476414023248166e-14,2.1649348980190553e-15
Daily models,GR5J,AExch,series,2191,4.3298697960381105e-15,2.9476414023248166e-14,4.3298697960381105e-15
Daily models,GR5J,QR,series,2191,3.8191672047105385e-14,6.014417533459826e-14,2.1760371282653068e-14
Daily models,GR5J,QD,series,2191,4.052314039881821e-15,4.215271805410636e-14,4.052314039881821e-15
Daily models,GR5J,Qsim,series,2191,4.085620730620576e-14,4.9807657775778875e-14,2.4646951146678475e-14
Daily models,GR5J,StateEnd (42 slots),state vector,42,1.9895196601282805e-13,1.7467342253371176e-14,5.9396931817445875e-15
Daily models,GR6J,PotEvap,series,2191,0.0,0.0,0.0
Daily models,GR6J,Precip,series,2191,0.0,0.0,0.0
Daily models,GR6J,Prod,series,2191,5.968558980384842e-13,5.381885481019659e-15,5.381885481019659e-15
Daily models,GR6J,Pn,series,2191,7.105427357601002e-15,8.326672684688683e-16,4.674623261579606e-16
Daily models,GR6J,Ps,series,2191,6.394884621840902e-14,7.34731555507028e-14,2.653433028854124e-14
Daily models,GR6J,AE,series,2191,2.708944180085382e-14,6.923067584710137e-14,2.6922908347160046e-14
Daily models,GR6J,Perc,series,2191,4.5075054799781356e-14,7.820156175943126e-13,4.5075054799781356e-14
Daily models,GR6J,PR,series,2191,9.947598300641403e-14,7.820156175943126e-13,5.2013948703688584e-14
Daily models,GR6J,Q9,series,2191,6.572520305780927e-14,6.552335620880606e-13,3.425038030968608e-14
Daily models,GR6J,Q1,series,2191,4.773959005888173e-15,6.313528208600859e-13,4.773959005888173e-15
Daily models,GR6J,Rout,series,2191,8.526512829121202e-14,2.5327753393266348e-15,2.5327753393266348e-15
Daily models,GR6J,Exch,series,2191,8.326672684688674e-16,4.71373502379038e-15,8.326672684688674e-16
Daily models,GR6J,AExch1,series,2191,8.326672684688674e-16,4.71373502379038e-15,8.326672684688674e-16
Daily models,GR6J,AExch2,series,2191,8.326672684688674e-16,4.71373502379038e-15,8.326672684688674e-16
Daily models,GR6J,AExch,series,2191,2.6645352591003757e-15,4.818484690985721e-15,2.6645352591003757e-15
Daily models,GR6J,QR,series,2191,1.5987211554602254e-14,3.414709456606307e-14,1.1590860763714022e-14
Daily models,GR6J,QRExp,series,2191,6.8833827526759706e-15,2.38006619217185e-14,6.7461981878560695e-15
Daily models,GR6J,Exp,series,2191,1.9895196601282805e-13,1.7191597753329827e-15,1.7191597753329827e-15
Daily models,GR6J,QD,series,2191,5.329070518200751e-15,1.2070311600128038e-14,5.329070518200751e-15
Daily models,GR6J,Qsim,series,2191,2.4868995751603507e-14,1.677558655343271e-14,1.5765166949677223e-14
Daily models,GR6J,StateEnd (63 slots),state vector,63,8.526512829121202e-14,7.602433946867359e-13,8.326672684688674e-15
Monthly / annual models,GR2M,PotEvap,series,72,0.0,0.0,0.0
Monthly / annual models,GR2M,Precip,series,72,0.0,0.0,0.0
Monthly / annual models,GR2M,Prod,series,72,8.526512829121202e-14,4.744564611710455e-16,4.744564611710455e-16
Monthly / annual models,GR2M,Pn,series,72,9.947598300641403e-14,4.396040530894363e-15,4.396040530894363e-15
Monthly / annual models,GR2M,Ps,series,72,9.947598300641403e-14,2.949931162478383e-15,2.949931162478383e-15
Monthly / annual models,GR2M,AE,series,72,5.684341886080802e-14,9.12881175734457e-15,9.12881175734457e-15
Monthly / annual models,GR2M,Perc,series,72,3.197442310920451e-14,3.354959441028207e-14,2.842170943040401e-14
Monthly / annual models,GR2M,PR,series,72,9.947598300641403e-14,3.4416581647399665e-15,3.4416581647399665e-15
Monthly / annual models,GR2M,Rout,series,72,2.842170943040401e-14,1.0996331007718271e-15,1.0996331007718271e-15
Monthly / annual models,GR2M,AExch,series,72,1.4210854715202004e-14,2.7565790738260527e-14,1.4210854715202004e-14
Monthly / annual models,GR2M,Qsim,series,72,7.815970093361102e-14,2.2384932073733086e-15,2.2384932073733086e-15
Monthly / annual models,GR1A,PotEvap,series,6,0.0,0.0,0.0
Monthly / annual models,GR1A,Precip,series,6,0.0,0.0,0.0
Monthly / annual models,GR1A,Qsim,series,6,2.2737367544323206e-13,3.9146912870768194e-16,3.9146912870768194e-16
Hourly models,GR4H,PotEvap,series,8760,0.0,0.0,0.0
Hourly models,GR4H,Precip,series,8760,0.0,0.0,0.0
Hourly models,GR4H,Prod,series,8760,1.8957280190079473e-11,7.905495071267326e-14,7.905495071267326e-14
Hourly models,GR4H,Pn,series,8760,1.7763568394002505e-15,9.8879238130679e-15,2.220446049250313e-16
Hourly models,GR4H,Ps,series,8760,3.339550858072471e-13,8.463281442513067e-12,8.903988657493755e-14
Hourly models,GR4H,AE,series,8760,8.204201207284711e-14,8.411279111773869e-12,8.204201207284711e-14
Hourly models,GR4H,Perc,series,8760,1.4295509220829672e-13,5.59846639729315e-11,1.4295509220829672e-13
Hourly models,GR4H,PR,series,8760,3.3306690738754696e-13,5.59846639729315e-11,1.8907098109366416e-13
Hourly models,GR4H,Q9,series,8760,2.220446049250313e-13,2.3746723266438233e-11,1.151699819458183e-13
Hourly models,GR4H,Q1,series,8760,1.7819079545233762e-14,1.0286523299399543e-11,1.7819079545233762e-14
Hourly models,GR4H,Rout,series,8760,4.490630090003833e-12,1.1264390222072904e-13,1.1264390222072904e-13
Hourly models,GR4H,Exch,series,8760,5.5892790395972725e-15,3.920024279379163e-13,5.5892790395972725e-15
Hourly models,GR4H,AExch1,series,8760,5.5892790395972725e-15,3.920024279379163e-13,5.5892790395972725e-15
Hourly models,GR4H,AExch2,series,8760,5.5892790395972725e-15,1.0286523299399543e-11,5.5892790395972725e-15
Hourly models,GR4H,AExch,series,8760,1.1206313654810174e-14,2.3138702407883417e-12,1.1206313654810174e-14
Hourly models,GR4H,QR,series,8760,1.2567724638756772e-13,1.3364295492615326e-12,7.599476603559197e-14
Hourly models,GR4H,QD,series,8760,1.432187701766452e-14,3.450889525321746e-11,1.432187701766452e-14
Hourly models,GR4H,Qsim,series,8760,1.3100631690576847e-13,1.3364295492615326e-12,8.22675261247241e-14
Hourly models,GR5H,PotEvap,series,8760,0.0,0.0,0.0
Hourly models,GR5H,Precip,series,8760,0.0,0.0,0.0
Hourly models,GR5H,Interc,series,8760,0.0,0.0,0.0
Hourly models,GR5H,Prod,series,8760,1.8957280190079473e-11,7.905495071267326e-14,7.905495071267326e-14
Hourly models,GR5H,Pn,series,8760,1.7763568394002505e-15,9.8879238130679e-15,2.220446049250313e-16
Hourly models,GR5H,Ps,series,8760,3.339550858072471e-13,8.463281442513067e-12,8.903988657493755e-14
Hourly models,GR5H,AE,series,8760,8.204201207284711e-14,8.411279111773869e-12,8.204201207284711e-14
Hourly models,GR5H,EI,series,8760,0.0,0.0,0.0
Hourly models,GR5H,ES,series,8760,8.204027734937114e-14,8.411279111773869e-12,8.204027734937114e-14
Hourly models,GR5H,Perc,series,8760,1.4295509220829672e-13,5.59846639729315e-11,1.4295509220829672e-13
Hourly models,GR5H,PR,series,8760,3.3306690738754696e-13,5.59846639729315e-11,1.8907098109366416e-13
Hourly models,GR5H,Q9,series,8760,1.6009416015094757e-13,1.045980573828295e-11,1.0018952275744447e-13
Hourly models,GR5H,Q1,series,8760,1.7763568394002505e-14,1.0286523299399543e-11,1.7763568394002505e-14
Hourly models,GR5H,Rout,series,8760,1.8687273950490635e-12,3.241403905954029e-14,3.241403905954029e-14
Hourly models,GR5H,Exch,series,8760,1.0403136685432912e-14,1.5601826038953913e-11,1.0403136685432912e-14
Hourly models,GR5H,AExch1,series,8760,1.0403136685432912e-14,1.5601826038953913e-11,1.0403136685432912e-14
Hourly models,GR5H,AExch2,series,8760,1.0403136685432912e-14,1.5601826038953913e-11,1.0403136685432912e-14
Hourly models,GR5H,AExch,series,8760,2.0806273370865824e-14,1.5861048161000807e-11,2.0806273370865824e-14
Hourly models,GR5H,QR,series,8760,1.021405182655144e-13,1.785665924420168e-13,8.076872504148014e-14
Hourly models,GR5H,QD,series,8760,9.769962616701378e-15,1.558473213491331e-11,9.769962616701378e-15
Hourly models,GR5H,Qsim,series,8760,1.0613732115416497e-13,1.5394968850146082e-13,8.093525849517391e-14
Hourly models,GR5H + interception,PotEvap,series,8760,0.0,0.0,0.0
Hourly models,GR5H + interception,Precip,series,8760,0.0,0.0,0.0
Hourly models,GR5H + interception,Interc,series,8760,1.887379141862766e-15,1.647987302177983e-14,1.887379141862766e-15
Hourly models,GR5H + interception,Prod,series,8760,1.9696244635269977e-11,8.160536565823459e-14,8.160536565823459e-14
Hourly models,GR5H + interception,Pn,series,8760,1.7763568394002505e-15,1.0928757898653885e-14,7.771561172376096e-16
Hourly models,GR5H + interception,Ps,series,8760,3.4283687000424834e-13,1.0,9.123708109575216e-14
Hourly models,GR5H + interception,AE,series,8760,8.192058142952874e-14,8.412869793605547e-12,8.192058142952874e-14
Hourly models,GR5H + interception,EI,series,8760,3.0531133177191805e-16,1.647987302177983e-14,3.0531133177191805e-16
Hourly models,GR5H + interception,ES,series,8760,8.192925504690862e-14,1.0,8.192925504690862e-14
Hourly models,GR5H + interception,Perc,series,8760,1.4105383527862614e-13,6.56935803812109e-11,1.4105383527862614e-13
Hourly models,GR5H + interception,PR,series,8760,3.432809592140984e-13,6.56935803812109e-11,1.9984014443252818e-13
Hourly models,GR5H + interception,Q9,series,8760,1.8252066524837574e-13,1.4362870074285627e-11,1.148231745485873e-13
Hourly models,GR5H + interception,Q1,series,8760,2.020605904817785e-14,1.4434436327548324e-11,2.020605904817785e-14
Hourly models,GR5H + interception,Rout,series,8760,1.9966250874858815e-12,3.462779472138856e-14,3.462779472138856e-14
Hourly models,GR5H + interception,Exch,series,8760,1.1093556628871681e-14,2.4951006082503983e-10,1.1093556628871681e-14
Hourly models,GR5H + interception,AExch1,series,8760,1.1093556628871681e-14,2.4951006082503983e-10,1.1093556628871681e-14
Hourly models,GR5H + interception,AExch2,series,8760,1.1093556628871681e-14,2.4951006082503983e-10,1.1093556628871681e-14
Hourly models,GR5H + interception,AExch,series,8760,2.2287727219350018e-14,2.4950988800912617e-10,2.2287727219350018e-14
Hourly models,GR5H + interception,QR,series,8760,8.210099267103033e-14,1.8455296999594888e-13,8.210099267103033e-14
Hourly models,GR5H + interception,QD,series,8760,1.2101430968414206e-14,1.4123515008485476e-11,1.2101430968414206e-14
Hourly models,GR5H + interception,Qsim,series,8760,8.293365993949919e-14,1.8455296999594888e-13,8.293365993949919e-14
Elevation bands,band 1,precipitation,series,10593,7.105427357601002e-15,4.332276644414593e-15,5.152440515540678e-16
Elevation bands,band 1,temperature,series,10593,7.105427357601002e-15,1.46335591467647e-13,7.716446453581397e-16
Elevation bands,band 1,solid fraction,series,10593,3.3306690738754696e-16,2.071248565878152e-13,3.3306690738754696e-16
Elevation bands,band 2,precipitation,series,10593,7.105427357601002e-15,2.4626555797825123e-15,4.831419319278257e-16
Elevation bands,band 2,temperature,series,10593,5.329070518200751e-15,1.9498959071331223e-13,6.661338147750939e-16
Elevation bands,band 2,solid fraction,series,10593,2.220446049250313e-16,3.425275752335103e-13,2.220446049250313e-16
Elevation bands,band 3,precipitation,series,10593,7.105427357601002e-15,8.261051875454901e-15,5.660677944637148e-16
Elevation bands,band 3,temperature,series,10593,0.0,0.0,0.0
Elevation bands,band 3,solid fraction,series,10593,2.220446049250313e-16,7.189697298024705e-14,2.220446049250313e-16
Elevation bands,band 4,precipitation,series,10593,1.4210854715202004e-14,2.6998717132494213e-15,5.32042203034332e-16
Elevation bands,band 4,temperature,series,10593,7.105427357601002e-15,2.2350756352264708e-14,6.661338147750939e-16
Elevation bands,band 4,solid fraction,series,10593,3.3306690738754696e-16,5.963111948671102e-14,3.3306690738754696e-16
Elevation bands,band 5,precipitation,series,10593,1.4210854715202004e-14,3.2254851323568028e-15,6.161354512249764e-16
Elevation bands,band 5,temperature,series,10593,5.329070518200751e-15,4.557900897664552e-13,6.661338147750939e-16
Elevation bands,band 5,solid fraction,series,10593,3.3306690738754696e-16,1.6863125882748151e-13,3.3306690738754696e-16
Coupled snow models,CemaNeigeGR4J,PotEvap,series,2191,0.0,0.0,0.0
Coupled snow models,CemaNeigeGR4J,Precip,series,2191,0.0,0.0,0.0
Coupled snow models,CemaNeigeGR4J,Prod,series,2191,8.810729923425242e-13,8.469053526109142e-15,8.469053526109142e-15
Coupled snow models,CemaNeigeGR4J,Pn,series,2191,2.3092638912203256e-14,5.180819074216339e-13,1.6944778913341452e-14
Coupled snow models,CemaNeigeGR4J,Ps,series,2191,4.973799150320701e-14,2.318651243973086e-11,4.315992008230296e-14
Coupled snow models,CemaNeigeGR4J,AE,series,2191,5.417888360170764e-14,8.582517643286765e-13,3.9802265356565515e-14
Coupled snow models,CemaNeigeGR4J,Perc,series,2191,8.08242361927114e-14,1.750093002606655e-12,6.827871601444713e-14
Coupled snow models,CemaNeigeGR4J,PR,series,2191,1.0302869668521453e-13,3.6222302065608227e-12,6.639133687258436e-14
Coupled snow models,CemaNeigeGR4J,Q9,series,2191,7.283063041541027e-14,3.2813384668528253e-12,4.359982649489655e-14
Coupled snow models,CemaNeigeGR4J,Q1,series,2191,8.992806499463768e-15,1.599255689063857e-12,8.992806499463768e-15
Coupled snow models,CemaNeigeGR4J,Rout,series,2191,3.410605131648481e-13,6.424254479859873e-15,6.424254479859873e-15
Coupled snow models,CemaNeigeGR4J,Exch,series,2191,4.440892098500626e-15,2.2512271235913907e-14,4.440892098500626e-15
Coupled snow models,CemaNeigeGR4J,AExch1,series,2191,4.440892098500626e-15,2.2512271235913907e-14,4.440892098500626e-15
Coupled snow models,CemaNeigeGR4J,AExch2,series,2191,4.440892098500626e-15,2.2512271235913907e-14,4.440892098500626e-15
Coupled snow models,CemaNeigeGR4J,AExch,series,2191,8.881784197001252e-15,2.2512271235913907e-14,8.881784197001252e-15
Coupled snow models,CemaNeigeGR4J,QR,series,2191,5.417888360170764e-14,8.080805914056218e-14,3.334557058968704e-14
Coupled snow models,CemaNeigeGR4J,QD,series,2191,1.1546319456101628e-14,5.519781571446152e-14,8.770761894538737e-15
Coupled snow models,CemaNeigeGR4J,Qsim,series,2191,6.750155989720952e-14,6.540314358823954e-14,2.5466013819360773e-14
Coupled snow models,CemaNeigeGR4J,MeanAnSolidPrecip,scalar,1,2.3874235921539366e-12,3.589977574740494e-15,3.589977574740494e-15
"Snow module, band by band",CemaNeigeGR4J / band 1,Pliq,series,2191,3.552713678800501e-15,1.3737762129165585e-14,1.126267032578641e-15
"Snow module, band by band",CemaNeigeGR4J / band 1,Psol,series,2191,3.552713678800501e-15,4.564943592761938e-13,1.4880458989711078e-15
"Snow module, band by band",CemaNeigeGR4J / band 1,SnowPack,series,2191,4.973799150320701e-13,9.540372603150199e-13,1.833877075479937e-14
"Snow module, band by band",CemaNeigeGR4J / band 1,ThermalState,series,2191,8.881784197001252e-16,4.728324638911377e-14,6.661338147750939e-16
"Snow module, band by band",CemaNeigeGR4J / band 1,Gratio,series,2191,2.4424906541753444e-15,8.717672526887202e-13,2.4424906541753444e-15
"Snow module, band by band",CemaNeigeGR4J / band 1,PotMelt,series,2191,3.410605131648481e-13,9.540372603150199e-13,1.833877075479937e-14
"Snow module, band by band",CemaNeigeGR4J / band 1,Melt,series,2191,5.1514348342607263e-14,7.96051468191054e-13,2.16458124873998e-14
"Snow module, band by band",CemaNeigeGR4J / band 1,PliqAndMelt,series,2191,5.1958437552457326e-14,7.96051468191054e-13,2.15424498179016e-14
"Snow module, band by band",CemaNeigeGR4J / band 1,Temp,series,2191,7.105427357601002e-15,1.292017484845804e-14,7.716446453581397e-16
"Snow module, band by band",CemaNeigeGR4J / band 1,Gthreshold,series,2191,2.1600499167107046e-12,3.608972260688151e-15,3.608972260688151e-15
"Snow module, band by band",CemaNeigeGR4J / band 1,Glocalmax,series,2191,0.0,0.0,0.0
"Snow module, band by band",CemaNeigeGR4J / band 2,Pliq,series,2191,3.552713678800501e-15,1.907964027153302e-14,4.969679898729315e-16
"Snow module, band by band",CemaNeigeGR4J / band 2,Psol,series,2191,7.105427357601002e-15,1.8549138946979153e-13,1.5265566588595902e-15
"Snow module, band by band",CemaNeigeGR4J / band 2,SnowPack,series,2191,7.105427357601002e-13,8.106813699515567e-13,1.7192595397018156e-14
"Snow module, band by band",CemaNeigeGR4J / band 2,ThermalState,series,2191,1.7763568394002505e-15,1.4603071441031992e-13,6.199245187601037e-16
"Snow module, band by band",CemaNeigeGR4J / band 2,Gratio,series,2191,3.774758283725532e-15,6.666066136045792e-13,3.774758283725532e-15
"Snow module, band by band",CemaNeigeGR4J / band 2,PotMelt,series,2191,4.760636329592671e-13,8.106813699515567e-13,1.7192595397018156e-14
"Snow module, band by band",CemaNeigeGR4J / band 2,Melt,series,2191,8.79296635503124e-14,8.758451203912966e-13,2.0675637084504736e-14
"Snow module, band by band",CemaNeigeGR4J / band 2,PliqAndMelt,series,2191,8.79296635503124e-14,7.971317105501331e-13,1.664916487431715e-14
"Snow module, band by band",CemaNeigeGR4J / band 2,Temp,series,2191,3.552713678800501e-15,7.175447105178097e-14,4.440892098500626e-16
"Snow module, band by band",CemaNeigeGR4J / band 2,Gthreshold,series,2191,2.1600499167107046e-12,3.608972260688151e-15,3.608972260688151e-15
"Snow module, band by band",CemaNeigeGR4J / band 2,Glocalmax,series,2191,0.0,0.0,0.0
"Snow module, band by band",CemaNeigeGR4J / band 3,Pliq,series,2191,3.552713678800501e-15,1.3429460216558872e-14,6.938893903907228e-16
"Snow module, band by band",CemaNeigeGR4J / band 3,Psol,series,2191,7.105427357601002e-15,6.381219642072943e-14,1.9984014443252818e-15
"Snow module, band by band",CemaNeigeGR4J / band 3,SnowPack,series,2191,7.389644451905042e-13,7.306597603712683e-13,1.8579879298433367e-14
"Snow module, band by band",CemaNeigeGR4J / band 3,ThermalState,series,2191,1.7763568394002505e-15,1.1658748419205566e-14,4.996003610813204e-16
"Snow module, band by band",CemaNeigeGR4J / band 3,Gratio,series,2191,3.6637359812630166e-15,8.441357189014378e-13,3.6637359812630166e-15
"Snow module, band by band",CemaNeigeGR4J / band 3,PotMelt,series,2191,4.511946372076636e-13,7.306597603712683e-13,1.8579879298433367e-14
"Snow module, band by band",CemaNeigeGR4J / band 3,Melt,series,2191,8.348877145181177e-14,7.45864511962301e-13,2.207637311950272e-14
"Snow module, band by band",CemaNeigeGR4J / band 3,PliqAndMelt,series,2191,8.348877145181177e-14,7.107736695542691e-13,2.207637311950272e-14
"Snow module, band by band",CemaNeigeGR4J / band 3,Temp,series,2191,0.0,0.0,0.0
"Snow module, band by band",CemaNeigeGR4J / band 3,Gthreshold,series,2191,2.1600499167107046e-12,3.608972260688151e-15,3.608972260688151e-15
"Snow module, band by band",CemaNeigeGR4J / band 3,Glocalmax,series,2191,0.0,0.0,0.0
"Snow module, band by band",CemaNeigeGR4J / band 4,Pliq,series,2191,7.105427357601002e-15,4.553347939510228e-14,1.2212453270876722e-15
"Snow module, band by band",CemaNeigeGR4J / band 4,Psol,series,2191,7.105427357601002e-15,3.465328019470301e-14,1.795764819452855e-15
"Snow module, band by band",CemaNeigeGR4J / band 4,SnowPack,series,2191,9.379164112033322e-13,8.020268729451563e-13,1.9351113733078578e-14
"Snow module, band by band",CemaNeigeGR4J / band 4,ThermalState,series,2191,2.6645352591003757e-15,2.3268445199782922e-14,3.9909176227474306e-16
"Snow module, band by band",CemaNeigeGR4J / band 4,Gratio,series,2191,3.774758283725532e-15,9.061030304564712e-13,3.774758283725532e-15
"Snow module, band by band",CemaNeigeGR4J / band 4,PotMelt,series,2191,5.222489107836736e-13,8.020268729451563e-13,1.9351113733078578e-14
"Snow module, band by band",CemaNeigeGR4J / band 4,Melt,series,2191,9.85878045867139e-14,7.806068478373704e-13,2.350364162608701e-14
"Snow module, band by band",CemaNeigeGR4J / band 4,PliqAndMelt,series,2191,9.85878045867139e-14,7.806068478373704e-13,2.30468421337915e-14
"Snow module, band by band",CemaNeigeGR4J / band 4,Temp,series,2191,3.552713678800501e-15,2.2350756352264708e-14,5.814360285030543e-16
"Snow module, band by band",CemaNeigeGR4J / band 4,Gthreshold,series,2191,2.1600499167107046e-12,3.608972260688151e-15,3.608972260688151e-15
"Snow module, band by band",CemaNeigeGR4J / band 4,Glocalmax,series,2191,0.0,0.0,0.0
"Snow module, band by band",CemaNeigeGR4J / band 5,Pliq,series,2191,7.105427357601002e-15,9.153162404944576e-14,1.367880468851984e-15
"Snow module, band by band",CemaNeigeGR4J / band 5,Psol,series,2191,1.4210854715202004e-14,2.6831447287768395e-14,4.805050182615627e-15
"Snow module, band by band",CemaNeigeGR4J / band 5,SnowPack,series,2191,9.379164112033322e-13,6.00944110723441e-13,2.091782511703161e-14
"Snow module, band by band",CemaNeigeGR4J / band 5,ThermalState,series,2191,2.6645352591003757e-15,1.9130382303842905e-14,5.831956136962823e-16
"Snow module, band by band",CemaNeigeGR4J / band 5,Gratio,series,2191,3.774758283725532e-15,8.977564668246246e-13,3.774758283725532e-15
"Snow module, band by band",CemaNeigeGR4J / band 5,PotMelt,series,2191,5.329070518200751e-13,2.743643595422157e-13,2.091782511703161e-14
"Snow module, band by band",CemaNeigeGR4J / band 5,Melt,series,2191,1.1368683772161603e-13,6.17011468259862e-13,2.4780594733873867e-14
"Snow module, band by band",CemaNeigeGR4J / band 5,PliqAndMelt,series,2191,1.1368683772161603e-13,3.3039099964317117e-13,2.3569733531351035e-14
"Snow module, band by band",CemaNeigeGR4J / band 5,Temp,series,2191,5.329070518200751e-15,4.557900897664552e-13,6.440244552271463e-16
"Snow module, band by band",CemaNeigeGR4J / band 5,Gthreshold,series,2191,2.1600499167107046e-12,3.608972260688151e-15,3.608972260688151e-15
"Snow module, band by band",CemaNeigeGR4J / band 5,Glocalmax,series,2191,0.0,0.0,0.0
Coupled snow models,CemaNeigeGR5J,PotEvap,series,2191,0.0,0.0,0.0
Coupled snow models,CemaNeigeGR5J,Precip,series,2191,0.0,0.0,0.0
Coupled snow models,CemaNeigeGR5J,Prod,series,2191,4.547473508864641e-13,7.783195821671236e-15,7.783195821671236e-15
Coupled snow models,CemaNeigeGR5J,Pn,series,2191,2.3092638912203256e-14,5.180819074216339e-13,1.6944778913341452e-14
Coupled snow models,CemaNeigeGR5J,Ps,series,2191,3.552713678800501e-14,2.6843670076694044e-11,2.2648549702353193e-14
Coupled snow models,CemaNeigeGR5J,AE,series,2191,3.375077994860476e-14,2.282848153632474e-12,2.481348460037225e-14
Coupled snow models,CemaNeigeGR5J,Perc,series,2191,4.551914400963142e-14,8.257236562477679e-13,4.551914400963142e-14
Coupled snow models,CemaNeigeGR5J,PR,series,2191,6.572520305780927e-14,9.220232006344245e-13,5.1958437552457326e-14
Coupled snow models,CemaNeigeGR5J,Q9,series,2191,3.375077994860476e-14,8.826453017896907e-13,2.531308496145357e-14
Coupled snow models,CemaNeigeGR5J,Q1,series,2191,3.774758283725532e-15,8.279959334070625e-13,3.774758283725532e-15
Coupled snow models,CemaNeigeGR5J,Rout,series,2191,2.913225216616411e-13,6.665888043346998e-15,6.665888043346998e-15
Coupled snow models,CemaNeigeGR5J,Exch,series,2191,3.247402347028583e-15,3.584280815861931e-12,3.247402347028583e-15
Coupled snow models,CemaNeigeGR5J,AExch1,series,2191,3.247402347028583e-15,3.584280815861931e-12,3.247402347028583e-15
Coupled snow models,CemaNeigeGR5J,AExch2,series,2191,3.247402347028583e-15,1.3757488797496895e-12,3.247402347028583e-15
Coupled snow models,CemaNeigeGR5J,AExch,series,2191,6.5503158452884236e-15,3.141699272756208e-12,6.5503158452884236e-15
Coupled snow models,CemaNeigeGR5J,QR,series,2191,5.1958437552457326e-14,1.0370199208337355e-13,3.5455465217671504e-14
Coupled snow models,CemaNeigeGR5J,QD,series,2191,7.049916206369744e-15,5.597477657335664e-13,7.049916206369744e-15
Coupled snow models,CemaNeigeGR5J,Qsim,series,2191,5.773159728050814e-14,1.0872890919423574e-13,2.7860469123125894e-14
Coupled snow models,CemaNeigeGR5J,MeanAnSolidPrecip,scalar,1,2.3874235921539366e-12,3.589977574740494e-15,3.589977574740494e-15
Coupled snow models,CemaNeigeGR6J,PotEvap,series,2191,0.0,0.0,0.0
Coupled snow models,CemaNeigeGR6J,Precip,series,2191,0.0,0.0,0.0
Coupled snow models,CemaNeigeGR6J,Prod,series,2191,3.979039320256561e-13,8.60997180736116e-15,8.60997180736116e-15
Coupled snow models,CemaNeigeGR6J,Pn,series,2191,2.3092638912203256e-14,5.180819074216339e-13,1.6944778913341452e-14
Coupled snow models,CemaNeigeGR6J,Ps,series,2191,4.618527782440651e-14,2.696347090517288e-11,2.3092638912203256e-14
Coupled snow models,CemaNeigeGR6J,AE,series,2191,3.552713678800501e-14,2.7873443504565603e-12,2.5424107263916085e-14
Coupled snow models,CemaNeigeGR6J,Perc,series,2191,4.707345624410664e-14,8.586669612986349e-13,4.5630166312093934e-14
Coupled snow models,CemaNeigeGR6J,PR,series,2191,6.128431095930864e-14,8.586669612986349e-13,5.054476715255094e-14
Coupled snow models,CemaNeigeGR6J,Q9,series,2191,4.39648317751562e-14,9.768605924170928e-13,3.674838211509268e-14
Coupled snow models,CemaNeigeGR6J,Q1,series,2191,3.774758283725532e-15,8.386318943001299e-13,3.774758283725532e-15
Coupled snow models,CemaNeigeGR6J,Rout,series,2191,1.1368683772161603e-13,3.084110964382332e-15,3.084110964382332e-15
Coupled snow models,CemaNeigeGR6J,Exch,series,2191,1.1102230246251565e-15,5.321719724867793e-15,1.1102230246251565e-15
Coupled snow models,CemaNeigeGR6J,AExch1,series,2191,1.1102230246251565e-15,5.321719724867793e-15,1.1102230246251565e-15
Coupled snow models,CemaNeigeGR6J,AExch2,series,2191,1.1102230246251565e-15,5.321719724867793e-15,1.1102230246251565e-15
Coupled snow models,CemaNeigeGR6J,AExch,series,2191,3.552713678800501e-15,5.321719724867793e-15,3.552713678800501e-15
Coupled snow models,CemaNeigeGR6J,QR,series,2191,3.241851231905457e-14,4.204408562605928e-14,1.2101430968414206e-14
Coupled snow models,CemaNeigeGR6J,QRExp,series,2191,1.9095836023552692e-14,2.660001992161702e-14,1.2989609388114332e-14
Coupled snow models,CemaNeigeGR6J,Exp,series,2191,3.410605131648481e-13,3.3677347997795575e-15,3.3677347997795575e-15
Coupled snow models,CemaNeigeGR6J,QD,series,2191,4.884981308350689e-15,1.3773333312833287e-14,4.884981308350689e-15
Coupled snow models,CemaNeigeGR6J,Qsim,series,2191,4.263256414560601e-14,2.1807105656314777e-14,1.6932248736690068e-14
Coupled snow models,CemaNeigeGR6J,MeanAnSolidPrecip,scalar,1,2.3874235921539366e-12,3.589977574740494e-15,3.589977574740494e-15
Coupled snow models,CemaNeigeGR4J_Hyst,PotEvap,series,2191,0.0,0.0,0.0
Coupled snow models,CemaNeigeGR4J_Hyst,Precip,series,2191,0.0,0.0,0.0
Coupled snow models,CemaNeigeGR4J_Hyst,Prod,series,2191,9.094947017729282e-13,9.237659170704141e-15,9.237659170704141e-15
Coupled snow models,CemaNeigeGR4J_Hyst,Pn,series,2191,1.9539925233402755e-14,3.525490095998578e-12,1.0210731384766928e-14
Coupled snow models,CemaNeigeGR4J_Hyst,Ps,series,2191,5.5067062021407764e-14,2.312778154331492e-11,4.346523141407488e-14
Coupled snow models,CemaNeigeGR4J_Hyst,AE,series,2191,5.3290705182007514e-14,8.557467244781555e-13,4.18876838000153e-14
Coupled snow models,CemaNeigeGR4J_Hyst,Perc,series,2191,7.971401316808624e-14,1.686851689010936e-12,6.727951529228449e-14
Coupled snow models,CemaNeigeGR4J_Hyst,PR,series,2191,9.636735853746359e-14,4.31211754802158e-12,8.881784197001252e-14
Coupled snow models,CemaNeigeGR4J_Hyst,Q9,series,2191,6.061817714453355e-14,3.955422299762206e-12,6.061817714453355e-14
Coupled snow models,CemaNeigeGR4J_Hyst,Q1,series,2191,6.50868248186498e-15,1.877743144998219e-12,6.50868248186498e-15
Coupled snow models,CemaNeigeGR4J_Hyst,Rout,series,2191,4.192202140984591e-13,7.876151927702465e-15,7.876151927702465e-15
Coupled snow models,CemaNeigeGR4J_Hyst,Exch,series,2191,6.2727600891321345e-15,2.7410819242729807e-14,6.2727600891321345e-15
Coupled snow models,CemaNeigeGR4J_Hyst,AExch1,series,2191,6.2727600891321345e-15,2.7410819242729807e-14,6.2727600891321345e-15
Coupled snow models,CemaNeigeGR4J_Hyst,AExch2,series,2191,6.2727600891321345e-15,2.7410819242729807e-14,6.2727600891321345e-15
Coupled snow models,CemaNeigeGR4J_Hyst,AExch,series,2191,1.2656542480726785e-14,2.7410819242729807e-14,1.2656542480726785e-14
Coupled snow models,CemaNeigeGR4J_Hyst,QR,series,2191,6.838973831690964e-14,8.21008610315382e-14,3.3861802251067274e-14
Coupled snow models,CemaNeigeGR4J_Hyst,QD,series,2191,1.099120794378905e-14,5.0320119658795726e-14,1.099120794378905e-14
Coupled snow models,CemaNeigeGR4J_Hyst,Qsim,series,2191,7.815970093361102e-14,6.774277842346316e-14,3.68594044175552e-14
Coupled snow models,CemaNeigeGR4J_Hyst,MeanAnSolidPrecip,scalar,1,2.3874235921539366e-12,3.589977574740494e-15,3.589977574740494e-15
"Snow module, band by band",CemaNeigeGR4J_Hyst / band 1,Pliq,series,2191,3.552713678800501e-15,1.3737762129165585e-14,1.126267032578641e-15
"Snow module, band by band",CemaNeigeGR4J_Hyst / band 1,Psol,series,2191,3.552713678800501e-15,4.564943592761938e-13,1.4880458989711078e-15
"Snow module, band by band",CemaNeigeGR4J_Hyst / band 1,SnowPack,series,2191,3.836930773104541e-13,8.483628482436617e-13,2.4047546341110154e-14
"Snow module, band by band",CemaNeigeGR4J_Hyst / band 1,ThermalState,series,2191,8.881784197001252e-16,4.728324638911377e-14,6.661338147750939e-16
"Snow module, band by band",CemaNeigeGR4J_Hyst / band 1,Gratio,series,2191,3.6637359812630166e-15,8.044355765986911e-13,3.6637359812630166e-15
"Snow module, band by band",CemaNeigeGR4J_Hyst / band 1,PotMelt,series,2191,2.5579538487363607e-13,8.483628482436617e-13,2.4047546341110154e-14
"Snow module, band by band",CemaNeigeGR4J_Hyst / band 1,Melt,series,2191,5.551115123125783e-14,8.695078412509962e-13,2.1871393585115584e-14
"Snow module, band by band",CemaNeigeGR4J_Hyst / band 1,PliqAndMelt,series,2191,5.551115123125783e-14,7.881856765026818e-13,2.1871393585115584e-14
"Snow module, band by band",CemaNeigeGR4J_Hyst / band 1,Temp,series,2191,7.105427357601002e-15,1.292017484845804e-14,7.716446453581397e-16
"Snow module, band by band",CemaNeigeGR4J_Hyst / band 1,Gthreshold,series,2191,9.663381206337363e-13,3.6327154030112135e-15,3.6327154030112135e-15
"Snow module, band by band",CemaNeigeGR4J_Hyst / band 1,Glocalmax,series,2191,9.663381206337363e-13,3.6327154030112135e-15,3.6327154030112135e-15
"Snow module, band by band",CemaNeigeGR4J_Hyst / band 2,Pliq,series,2191,3.552713678800501e-15,1.907964027153302e-14,4.969679898729315e-16
"Snow module, band by band",CemaNeigeGR4J_Hyst / band 2,Psol,series,2191,7.105427357601002e-15,1.8549138946979153e-13,1.5265566588595902e-15
"Snow module, band by band",CemaNeigeGR4J_Hyst / band 2,SnowPack,series,2191,3.979039320256561e-13,8.657270628211961e-13,2.0670053362359964e-14
"Snow module, band by band",CemaNeigeGR4J_Hyst / band 2,ThermalState,series,2191,1.7763568394002505e-15,1.4603071441031992e-13,6.199245187601037e-16
"Snow module, band by band",CemaNeigeGR4J_Hyst / band 2,Gratio,series,2191,3.6637359812630166e-15,8.501738106682022e-13,3.6637359812630166e-15
"Snow module, band by band",CemaNeigeGR4J_Hyst / band 2,PotMelt,series,2191,2.7711166694643907e-13,8.657270628211961e-13,2.0670053362359964e-14
"Snow module, band by band",CemaNeigeGR4J_Hyst / band 2,Melt,series,2191,7.105427357601002e-14,8.570534780346697e-13,2.2648549702353193e-14
"Snow module, band by band",CemaNeigeGR4J_Hyst / band 2,PliqAndMelt,series,2191,7.105427357601002e-14,8.570534780346697e-13,2.2648549702353193e-14
"Snow module, band by band",CemaNeigeGR4J_Hyst / band 2,Temp,series,2191,3.552713678800501e-15,7.175447105178097e-14,4.440892098500626e-16
"Snow module, band by band",CemaNeigeGR4J_Hyst / band 2,Gthreshold,series,2191,9.663381206337363e-13,3.6327154030112135e-15,3.6327154030112135e-15
"Snow module, band by band",CemaNeigeGR4J_Hyst / band 2,Glocalmax,series,2191,9.663381206337363e-13,3.6327154030112135e-15,3.6327154030112135e-15
"Snow module, band by band",CemaNeigeGR4J_Hyst / band 3,Pliq,series,2191,3.552713678800501e-15,1.3429460216558872e-14,6.938893903907228e-16
"Snow module, band by band",CemaNeigeGR4J_Hyst / band 3,Psol,series,2191,7.105427357601002e-15,6.381219642072943e-14,1.9984014443252818e-15
"Snow module, band by band",CemaNeigeGR4J_Hyst / band 3,SnowPack,series,2191,3.694822225952521e-13,7.528157590030956e-13,1.3761269312305258e-14
"Snow module, band by band",CemaNeigeGR4J_Hyst / band 3,ThermalState,series,2191,1.7763568394002505e-15,1.1658748419205566e-14,4.996003610813204e-16
"Snow module, band by band",CemaNeigeGR4J_Hyst / band 3,Gratio,series,2191,3.6637359812630166e-15,8.935773504971847e-13,3.6637359812630166e-15
"Snow module, band by band",CemaNeigeGR4J_Hyst / band 3,PotMelt,series,2191,2.8421709430404007e-13,7.528157590030956e-13,1.3761269312305258e-14
"Snow module, band by band",CemaNeigeGR4J_Hyst / band 3,Melt,series,2191,8.08242361927114e-14,9.203010586788616e-13,1.7457237792672616e-14
"Snow module, band by band",CemaNeigeGR4J_Hyst / band 3,PliqAndMelt,series,2191,7.993605777301127e-14,4.384708476238322e-13,1.428611195248503e-14
"Snow module, band by band",CemaNeigeGR4J_Hyst / band 3,Temp,series,2191,0.0,0.0,0.0
"Snow module, band by band",CemaNeigeGR4J_Hyst / band 3,Gthreshold,series,2191,9.663381206337363e-13,3.6327154030112135e-15,3.6327154030112135e-15
"Snow module, band by band",CemaNeigeGR4J_Hyst / band 3,Glocalmax,series,2191,9.663381206337363e-13,3.6327154030112135e-15,3.6327154030112135e-15
"Snow module, band by band",CemaNeigeGR4J_Hyst / band 4,Pliq,series,2191,7.105427357601002e-15,4.553347939510228e-14,1.2212453270876722e-15
"Snow module, band by band",CemaNeigeGR4J_Hyst / band 4,Psol,series,2191,7.105427357601002e-15,3.465328019470301e-14,1.795764819452855e-15
"Snow module, band by band",CemaNeigeGR4J_Hyst / band 4,SnowPack,series,2191,3.552713678800501e-13,8.607036492535876e-13,1.3494264932888449e-14
"Snow module, band by band",CemaNeigeGR4J_Hyst / band 4,ThermalState,series,2191,2.6645352591003757e-15,2.3268445199782922e-14,3.9909176227474306e-16
"Snow module, band by band",CemaNeigeGR4J_Hyst / band 4,Gratio,series,2191,3.6637359812630166e-15,8.677597496325513e-13,3.6637359812630166e-15
"Snow module, band by band",CemaNeigeGR4J_Hyst / band 4,PotMelt,series,2191,2.877698079828406e-13,8.607036492535876e-13,1.3494264932888449e-14
"Snow module, band by band",CemaNeigeGR4J_Hyst / band 4,Melt,series,2191,1.0658141036401503e-13,9.163079771177878e-13,1.7060801134209123e-14
"Snow module, band by band",CemaNeigeGR4J_Hyst / band 4,PliqAndMelt,series,2191,1.0658141036401503e-13,5.721858407049474e-13,1.6414362134225595e-14
"Snow module, band by band",CemaNeigeGR4J_Hyst / band 4,Temp,series,2191,3.552713678800501e-15,2.2350756352264708e-14,5.814360285030543e-16
"Snow module, band by band",CemaNeigeGR4J_Hyst / band 4,Gthreshold,series,2191,9.663381206337363e-13,3.6327154030112135e-15,3.6327154030112135e-15
"Snow module, band by band",CemaNeigeGR4J_Hyst / band 4,Glocalmax,series,2191,9.663381206337363e-13,3.6327154030112135e-15,3.6327154030112135e-15
"Snow module, band by band",CemaNeigeGR4J_Hyst / band 5,Pliq,series,2191,7.105427357601002e-15,9.153162404944576e-14,1.367880468851984e-15
"Snow module, band by band",CemaNeigeGR4J_Hyst / band 5,Psol,series,2191,1.4210854715202004e-14,2.6831447287768395e-14,4.805050182615627e-15
"Snow module, band by band",CemaNeigeGR4J_Hyst / band 5,SnowPack,series,2191,3.694822225952521e-13,6.386926566794955e-13,1.4686905323834565e-14
"Snow module, band by band",CemaNeigeGR4J_Hyst / band 5,ThermalState,series,2191,2.6645352591003757e-15,1.9130382303842905e-14,5.831956136962823e-16
"Snow module, band by band",CemaNeigeGR4J_Hyst / band 5,Gratio,series,2191,3.9968028886505635e-15,7.110255228564165e-13,3.9968028886505635e-15
"Snow module, band by band",CemaNeigeGR4J_Hyst / band 5,PotMelt,series,2191,2.8066438062523957e-13,6.386926566794955e-13,1.4686905323834565e-14
"Snow module, band by band",CemaNeigeGR4J_Hyst / band 5,Melt,series,2191,9.237055564881302e-14,7.158056829177296e-13,1.850829237434698e-14
"Snow module, band by band",CemaNeigeGR4J_Hyst / band 5,PliqAndMelt,series,2191,9.237055564881302e-14,7.158056829177296e-13,1.850829237434698e-14
"Snow module, band by band",CemaNeigeGR4J_Hyst / band 5,Temp,series,2191,5.329070518200751e-15,4.557900897664552e-13,6.440244552271463e-16
"Snow module, band by band",CemaNeigeGR4J_Hyst / band 5,Gthreshold,series,2191,9.663381206337363e-13,3.6327154030112135e-15,3.6327154030112135e-15
"Snow module, band by band",CemaNeigeGR4J_Hyst / band 5,Glocalmax,series,2191,9.663381206337363e-13,3.6327154030112135e-15,3.6327154030112135e-15
Potential evapotranspiration,PE_Oudin,PE,series,10593,3.552713678800501e-15,1.8502208247398266e-14,8.881784197001252e-16
Error criteria,NSE,no transformation,scalar,1,6.661338147750939e-16,8.240367856390665e-16,6.661338147750939e-16
Error criteria,NSE,sqrt,scalar,1,3.3306690738754696e-16,3.9214555252167256e-16,3.3306690738754696e-16
Error criteria,NSE,log,scalar,1,6.661338147750939e-16,8.285647357774146e-16,6.661338147750939e-16
Error criteria,NSE,inv,scalar,1,2.0539125955565396e-15,4.787980959696271e-15,2.0539125955565396e-15
Error criteria,NSE,sort,scalar,1,4.440892098500626e-16,4.790319618448491e-16,4.440892098500626e-16
Error criteria,NSE,boxcox,scalar,1,8.881784197001252e-16,1.0599168741470621e-15,8.881784197001252e-16
Error criteria,NSE,^0.5,scalar,1,3.3306690738754696e-16,3.9214555252167256e-16,3.3306690738754696e-16
Error criteria,NSE,^2,scalar,1,4.440892098500626e-16,8.48536844587454e-16,4.440892098500626e-16
Error criteria,KGE,no transformation,scalar,1,4.440892098500626e-15,5.880843082376415e-15,4.440892098500626e-15
Error criteria,KGE,sqrt,scalar,1,1.887379141862766e-15,2.3736675792631615e-15,1.887379141862766e-15
Error criteria,KGE,log,scalar,1,2.8310687127941492e-14,2.93491561373496e-14,2.8310687127941492e-14
Error criteria,KGE,inv,scalar,1,3.58046925441613e-15,1.830168763699108e-14,3.58046925441613e-15
Error criteria,KGE,sort,scalar,1,1.7763568394002505e-15,2.300886521919688e-15,1.7763568394002505e-15
Error criteria,KGE,boxcox,scalar,1,8.881784197001252e-16,1.15709606202801e-15,8.881784197001252e-16
Error criteria,KGE,^0.5,scalar,1,1.887379141862766e-15,2.3736675792631615e-15,1.887379141862766e-15
Error criteria,KGE,^2,scalar,1,3.6637359812630166e-15,9.083400563015885e-15,3.6637359812630166e-15
Error criteria,KGE2,no transformation,scalar,1,2.4424906541753444e-15,3.3353549711607973e-15,2.4424906541753444e-15
Error criteria,KGE2,sqrt,scalar,1,2.7755575615628914e-15,3.719399193356106e-15,2.7755575615628914e-15
Error criteria,KGE2,log,scalar,1,3.9968028886505635e-15,2.44421681068415e-15,2.44421681068415e-15
Error criteria,KGE2,inv,scalar,1,2.9976021664879227e-15,7.1294660947076e-15,2.9976021664879227e-15
Error criteria,KGE2,sort,scalar,1,1.5543122344752192e-15,2.0789139785213143e-15,1.5543122344752192e-15
Error criteria,KGE2,boxcox,scalar,1,1.4432899320127035e-15,2.0243738810985774e-15,1.4432899320127035e-15
Error criteria,KGE2,^0.5,scalar,1,2.7755575615628914e-15,3.719399193356106e-15,2.7755575615628914e-15
Error criteria,KGE2,^2,scalar,1,1.887379141862766e-15,3.738520773753856e-15,1.887379141862766e-15
Error criteria,RMSE,no transformation,scalar,1,1.3322676295501878e-15,1.6878589163980447e-15,1.3322676295501878e-15
Error criteria,RMSE,sqrt,scalar,1,6.38378239159465e-16,2.714560588151687e-15,6.38378239159465e-16
Error criteria,RMSE,log,scalar,1,1.4432899320127035e-15,2.7170658557281973e-15,1.4432899320127035e-15
Error criteria,RMSE,inv,scalar,1,4.440892098500626e-15,1.4867707029476748e-15,1.4867707029476748e-15
Error criteria,RMSE,sort,scalar,1,1.6653345369377348e-15,3.4195715790690015e-15,1.6653345369377348e-15
Error criteria,RMSE,boxcox,scalar,1,1.8318679906315083e-15,3.934729331833269e-15,1.8318679906315083e-15
Error criteria,RMSE,^0.5,scalar,1,6.38378239159465e-16,2.714560588151687e-15,6.38378239159465e-16
Error criteria,RMSE,^2,scalar,1,4.085620730620576e-14,2.841125066433602e-15,2.841125066433602e-15
Error criteria,Composite_NSE,|log,scalar,1,6.661338147750939e-16,8.258420140299041e-16,6.661338147750939e-16
Parameter transformations,GR4J,"set 1, transformed to real",scalar,4,4.547473508864641e-13,1.1439673311808856e-16,1.1439673311808856e-16
Parameter transformations,GR4J,"set 1, real back to transformed",scalar,4,0.0,0.0,0.0
Parameter transformations,GR4J,"set 2, transformed to real",scalar,4,3.552713678800501e-15,2.092210899590383e-16,2.092210899590383e-16
Parameter transformations,GR4J,"set 2, real back to transformed",scalar,4,4.440892098500626e-16,1.5680698305856584e-16,1.5680698305856584e-16
Parameter transformations,GR4J,"set 3, transformed to real",scalar,4,5.551115123125783e-17,1.2914079382777884e-16,5.551115123125783e-17
Parameter transformations,GR4J,"set 3, real back to transformed",scalar,4,4.440892098500626e-16,2.629865290878722e-16,2.220446049250313e-16
Parameter transformations,GR4J,"set 4, transformed to real",scalar,4,1.1102230246251565e-16,2.3583219401267646e-16,1.1102230246251565e-16
Parameter transformations,GR4J,"set 4, real back to transformed",scalar,4,1.1102230246251565e-16,1.4736376917460047e-16,1.1102230246251565e-16
Parameter transformations,GR4J,"set 5, transformed to real",scalar,4,0.0,0.0,0.0
Parameter transformations,GR4J,"set 5, real back to transformed",scalar,4,8.881784197001252e-16,1.1621413230072108e-16,1.1621413230072108e-16
Parameter transformations,GR5J,"set 1, transformed to real",scalar,5,0.0,0.0,0.0
Parameter transformations,GR5J,"set 1, real back to transformed",scalar,5,0.0,0.0,0.0
Parameter transformations,GR5J,"set 2, transformed to real",scalar,5,4.547473508864641e-13,1.6715588722721019e-16,1.6715588722721019e-16
Parameter transformations,GR5J,"set 2, real back to transformed",scalar,5,1.6653345369377348e-16,5.86485657765071e-16,1.6653345369377348e-16
Parameter transformations,GR5J,"set 3, transformed to real",scalar,5,1.4210854715202004e-14,1.2329759751026672e-16,1.2329759751026672e-16
Parameter transformations,GR5J,"set 3, real back to transformed",scalar,5,0.0,0.0,0.0
Parameter transformations,GR5J,"set 4, transformed to real",scalar,5,4.336808689942018e-19,1.49235766771901e-16,4.336808689942018e-19
Parameter transformations,GR5J,"set 4, real back to transformed",scalar,5,1.7763568394002505e-15,1.8046054573492508e-16,1.8046054573492508e-16
Parameter transformations,GR5J,"set 5, transformed to real",scalar,5,0.0,0.0,0.0
Parameter transformations,GR5J,"set 5, real back to transformed",scalar,5,0.0,0.0,0.0
Parameter transformations,GR6J,"set 1, transformed to real",scalar,6,1.8189894035458565e-12,1.9469052198824386e-16,1.9469052198824386e-16
Parameter transformations,GR6J,"set 1, real back to transformed",scalar,6,0.0,0.0,0.0
Parameter transformations,GR6J,"set 2, transformed to real",scalar,6,0.0,0.0,0.0
Parameter transformations,GR6J,"set 2, real back to transformed",scalar,6,8.881784197001252e-16,1.5614507340932912e-16,1.5614507340932912e-16
Parameter transformations,GR6J,"set 3, transformed to real",scalar,6,2.842170943040401e-14,1.590492786799366e-16,1.590492786799366e-16
Parameter transformations,GR6J,"set 3, real back to transformed",scalar,6,8.881784197001252e-16,1.3522528422978007e-16,1.3522528422978007e-16
Parameter transformations,GR6J,"set 4, transformed to real",scalar,6,0.0,0.0,0.0
Parameter transformations,GR6J,"set 4, real back to transformed",scalar,6,8.881784197001252e-16,1.431550501792726e-16,1.431550501792726e-16
Parameter transformations,GR6J,"set 5, transformed to real",scalar,6,8.673617379884035e-19,1.8314808273833855e-16,8.673617379884035e-19
Parameter transformations,GR6J,"set 5, real back to transformed",scalar,6,1.7763568394002505e-15,1.945395385155761e-16,1.945395385155761e-16
Parameter transformations,GR4H,"set 1, transformed to real",scalar,4,0.0,0.0,0.0
Parameter transformations,GR4H,"set 1, real back to transformed",scalar,4,0.0,0.0,0.0
Parameter transformations,GR4H,"set 2, transformed to real",scalar,4,6.776263578034403e-21,1.4320696664723253e-16,6.776263578034403e-21
Parameter transformations,GR4H,"set 2, real back to transformed",scalar,4,1.7763568394002505e-15,2.7237251233061743e-16,2.7237251233061743e-16
Parameter transformations,GR4H,"set 3, transformed to real",scalar,4,0.0,0.0,0.0
Parameter transformations,GR4H,"set 3, real back to transformed",scalar,4,4.440892098500626e-16,1.746095064138663e-16,1.746095064138663e-16
Parameter transformations,GR4H,"set 4, transformed to real",scalar,4,3.469446951953614e-18,1.9584066626084257e-16,3.469446951953614e-18
Parameter transformations,GR4H,"set 4, real back to transformed",scalar,4,0.0,0.0,0.0
Parameter transformations,GR4H,"set 5, transformed to real",scalar,4,9.094947017729282e-13,1.5895522950588523e-16,1.5895522950588523e-16
Parameter transformations,GR4H,"set 5, real back to transformed",scalar,4,0.0,0.0,0.0
Parameter transformations,GR5H,"set 1, transformed to real",scalar,5,2.220446049250313e-16,1.643359740836073e-16,1.643359740836073e-16
Parameter transformations,GR5H,"set 1, real back to transformed",scalar,5,4.440892098500626e-16,5.533310220909304e-16,1.6653345369377348e-16
Parameter transformations,GR5H,"set 2, transformed to real",scalar,5,0.0,0.0,0.0
Parameter transformations,GR5H,"set 2, real back to transformed",scalar,5,8.881784197001252e-16,1.5716664049962635e-16,1.5716664049962635e-16
Parameter transformations,GR5H,"set 3, transformed to real",scalar,5,1.8189894035458565e-12,1.7607032990917828e-16,1.7607032990917828e-16
Parameter transformations,GR5H,"set 3, real back to transformed",scalar,5,0.0,0.0,0.0
Parameter transformations,GR5H,"set 4, transformed to real",scalar,5,0.0,0.0,0.0
Parameter transformations,GR5H,"set 4, real back to transformed",scalar,5,8.881784197001252e-16,2.040316407255978e-16,2.040316407255978e-16
Parameter transformations,GR5H,"set 5, transformed to real",scalar,5,0.0,0.0,0.0
Parameter transformations,GR5H,"set 5, real back to transformed",scalar,5,4.440892098500626e-16,1.5399476263199831e-16,1.5399476263199831e-16
Parameter transformations,GR2M,"set 1, transformed to real",scalar,2,6.938893903907228e-18,1.214905928685106e-16,6.938893903907228e-18
Parameter transformations,GR2M,"set 1, real back to transformed",scalar,2,0.0,0.0,0.0
Parameter transformations,GR2M,"set 2, transformed to real",scalar,2,0.0,0.0,0.0
Parameter transformations,GR2M,"set 2, real back to transformed",scalar,2,0.0,0.0,0.0
Parameter transformations,GR2M,"set 3, transformed to real",scalar,2,0.0,0.0,0.0
Parameter transformations,GR2M,"set 3, real back to transformed",scalar,2,0.0,0.0,0.0
Parameter transformations,GR2M,"set 4, transformed to real",scalar,2,0.0,0.0,0.0
Parameter transformations,GR2M,"set 4, real back to transformed",scalar,2,0.0,0.0,0.0
Parameter transformations,GR2M,"set 5, transformed to real",scalar,2,0.0,0.0,0.0
Parameter transformations,GR2M,"set 5, real back to transformed",scalar,2,0.0,0.0,0.0
Parameter transformations,GR1A,"set 1, transformed to real",scalar,1,0.0,0.0,0.0
Parameter transformations,GR1A,"set 1, real back to transformed",scalar,1,0.0,0.0,0.0
Parameter transformations,GR1A,"set 2, transformed to real",scalar,1,0.0,0.0,0.0
Parameter transformations,GR1A,"set 2, real back to transformed",scalar,1,0.0,0.0,0.0
Parameter transformations,GR1A,"set 3, transformed to real",scalar,1,0.0,0.0,0.0
Parameter transformations,GR1A,"set 3, real back to transformed",scalar,1,0.0,0.0,0.0
Parameter transformations,GR1A,"set 4, transformed to real",scalar,1,0.0,0.0,0.0
Parameter transformations,GR1A,"set 4, real back to transformed",scalar,1,0.0,0.0,0.0
Parameter transformations,GR1A,"set 5, transformed to real",scalar,1,0.0,0.0,0.0
Parameter transformations,GR1A,"set 5, real back to transformed",scalar,1,0.0,0.0,0.0
Parameter transformations,CemaNeige,"set 1, transformed to real",scalar,2,0.0,0.0,0.0
Parameter transformations,CemaNeige,"set 1, real back to transformed",scalar,2,0.0,0.0,0.0
Parameter transformations,CemaNeige,"set 2, transformed to real",scalar,2,1.1102230246251565e-16,1.1252590397082122e-16,1.1102230246251565e-16
Parameter transformations,CemaNeige,"set 2, real back to transformed",scalar,2,8.881784197001252e-16,1.6806075777852531e-16,1.6806075777852531e-16
Parameter transformations,CemaNeige,"set 3, transformed to real",scalar,2,0.0,0.0,0.0
Parameter transformations,CemaNeige,"set 3, real back to transformed",scalar,2,0.0,0.0,0.0
Parameter transformations,CemaNeige,"set 4, transformed to real",scalar,2,4.336808689942018e-19,1.778181485772223e-16,4.336808689942018e-19
Parameter transformations,CemaNeige,"set 4, real back to transformed",scalar,2,0.0,0.0,0.0
Parameter transformations,CemaNeige,"set 5, transformed to real",scalar,2,0.0,0.0,0.0
Parameter transformations,CemaNeige,"set 5, real back to transformed",scalar,2,0.0,0.0,0.0
Parameter transformations,CemaNeigeHyst,"set 1, transformed to real",scalar,4,8.470329472543003e-22,1.2330981699216148e-16,8.470329472543003e-22
Parameter transformations,CemaNeigeHyst,"set 1, real back to transformed",scalar,4,0.0,0.0,0.0
Parameter transformations,CemaNeigeHyst,"set 2, transformed to real",scalar,4,0.0,0.0,0.0
Parameter transformations,CemaNeigeHyst,"set 2, real back to transformed",scalar,4,0.0,0.0,0.0
Parameter transformations,CemaNeigeHyst,"set 3, transformed to real",scalar,4,0.0,0.0,0.0
Parameter transformations,CemaNeigeHyst,"set 3, real back to transformed",scalar,4,4.440892098500626e-16,1.2445450615688082e-16,1.2445450615688082e-16
Parameter transformations,CemaNeigeHyst,"set 4, transformed to real",scalar,4,0.0,0.0,0.0
Parameter transformations,CemaNeigeHyst,"set 4, real back to transformed",scalar,4,0.0,0.0,0.0
Parameter transformations,CemaNeigeHyst,"set 5, transformed to real",scalar,4,0.0,0.0,0.0
Parameter transformations,CemaNeigeHyst,"set 5, real back to transformed",scalar,4,0.0,0.0,0.0
Series aggregation,monthly total,P,series,348,2.842170943040401e-14,3.548278330886891e-16,3.548278330886891e-16
Series aggregation,monthly total,E,series,348,1.4210854715202004e-14,2.1930331350620382e-16,2.1930331350620382e-16
Series aggregation,monthly total,Qmm,series,316,2.842170943040401e-14,6.157642954105137e-16,6.157642954105137e-16
Series aggregation,monthly mean,P,series,348,2.6645352591003757e-15,6.938893903907232e-16,6.286194294681254e-16
Series aggregation,monthly mean,E,series,348,2.6645352591003757e-15,6.092687330260006e-16,5.900042359436547e-16
Series aggregation,monthly mean,Qmm,series,316,2.6645352591003757e-15,2.1339852283841717e-15,8.525579965661733e-16
Series aggregation,calendar year,P,series,29,2.2737367544323206e-13,2.395171973488171e-16,2.395171973488171e-16
Series aggregation,calendar year,E,series,29,1.1368683772161603e-13,1.8932029595606329e-16,1.8932029595606329e-16
Series aggregation,calendar year,Qmm,series,20,1.1368683772161603e-13,2.0213227069077742e-16,2.0213227069077742e-16
Series aggregation,hydrological year (Sept.),P,series,28,2.2737367544323206e-13,2.471990383161905e-16,2.471990383161905e-16
Series aggregation,hydrological year (Sept.),E,series,28,1.1368683772161603e-13,1.863718651174033e-16,1.863718651174033e-16
Series aggregation,hydrological year (Sept.),Qmm,series,20,1.1368683772161603e-13,2.776979136234e-16,2.776979136234e-16
Semi-distributed routing,RunModel_Lag,Qsim,series,2131,1.9539925233402755e-14,3.4997650684392797e-14,9.177889462923747e-15
Semi-distributed routing,RunModel_Lag,Qsim_m3,series,2131,1.4901161193847656e-08,3.548163012197202e-14,3.548163012197202e-14
Semi-distributed routing,RunModel_Lag,QsimDown,series,2191,4.973799150320701e-14,5.4743058076824e-14,1.6550616982474075e-14
Calibration on the demonstration catchment,GR4J on NSE,calibrated parameters,scalar,4,2.842170943040401e-14,1.1615303033249991e-16,1.1615303033249991e-16
Calibration on the demonstration catchment,GR4J on NSE,criterion at the optimum,scalar,1,1.5543122344752192e-15,1.917131599442367e-15,1.5543122344752192e-15
Calibration on the demonstration catchment,GR4J on NSE,iterations,scalar,1,0.0,0.0,0.0
Calibration on the demonstration catchment,GR4J on NSE[log],calibrated parameters,scalar,4,8.326672684688674e-17,3.9360881248683314e-16,8.326672684688674e-17
Calibration on the demonstration catchment,GR4J on NSE[log],criterion at the optimum,scalar,1,2.220446049250313e-16,2.5180465622298454e-16,2.220446049250313e-16
Calibration on the demonstration catchment,GR4J on NSE[log],iterations,scalar,1,0.0,0.0,0.0
Calibration on the demonstration catchment,GR4J on KGE,calibrated parameters,scalar,4,4.973799150320701e-14,9.019186582123064e-16,9.019186582123064e-16
Calibration on the demonstration catchment,GR4J on KGE,criterion at the optimum,scalar,1,4.551914400963142e-15,5.32257860607866e-15,4.551914400963142e-15
Calibration on the demonstration catchment,GR4J on KGE,iterations,scalar,1,0.0,0.0,0.0
Calibration on the demonstration catchment,GR5J on NSE,calibrated parameters,scalar,5,5.551115123125783e-17,1.2777797253462342e-16,5.551115123125783e-17
Calibration on the demonstration catchment,GR5J on NSE,criterion at the optimum,scalar,1,1.5543122344752192e-15,1.9134428509611837e-15,1.5543122344752192e-15
Calibration on the demonstration catchment,GR5J on NSE,iterations,scalar,1,0.0,0.0,0.0
Calibration on the demonstration catchment,GR5J on NSE[log],calibrated parameters,scalar,5,1.9895196601282805e-13,8.389535747774779e-16,8.389535747774779e-16
Calibration on the demonstration catchment,GR5J on NSE[log],criterion at the optimum,scalar,1,5.551115123125783e-16,6.239521980020658e-16,5.551115123125783e-16
Calibration on the demonstration catchment,GR5J on NSE[log],iterations,scalar,1,0.0,0.0,0.0
Calibration on the demonstration catchment,GR5J on KGE,calibrated parameters,scalar,5,7.105427357601002e-14,9.896540427342673e-16,9.896540427342673e-16
Calibration on the demonstration catchment,GR5J on KGE,criterion at the optimum,scalar,1,3.6637359812630166e-15,4.103301373693491e-15,3.6637359812630166e-15
Calibration on the demonstration catchment,GR5J on KGE,iterations,scalar,1,0.0,0.0,0.0
Calibration on the demonstration catchment,GR6J on NSE,calibrated parameters,scalar,6,5.329070518200751e-15,4.693126061736397e-16,4.693126061736397e-16
Calibration on the demonstration catchment,GR6J on NSE,criterion at the optimum,scalar,1,1.6653345369377348e-15,2.0374167983706193e-15,1.6653345369377348e-15
Calibration on the demonstration catchment,GR6J on NSE,iterations,scalar,1,0.0,0.0,0.0
Calibration on the demonstration catchment,GR6J on NSE[log],calibrated parameters,scalar,6,7.105427357601002e-15,3.541608078743915e-16,3.541608078743915e-16
Calibration on the demonstration catchment,GR6J on NSE[log],criterion at the optimum,scalar,1,7.771561172376096e-16,8.769255552645216e-16,7.771561172376096e-16
Calibration on the demonstration catchment,GR6J on NSE[log],iterations,scalar,1,0.0,0.0,0.0
Calibration on the demonstration catchment,GR6J on KGE,calibrated parameters,scalar,6,7.105427357601002e-15,3.6789035101197126e-16,3.6789035101197126e-16
Calibration on the demonstration catchment,GR6J on KGE,criterion at the optimum,scalar,1,4.107825191113079e-15,4.551040761685672e-15,4.107825191113079e-15
Calibration on the demonstration catchment,GR6J on KGE,iterations,scalar,1,0.0,0.0,0.0
